Embryo,Genotype,Background,Microphthalmia,Anophthalmia,Side_if_Microphthalmia_or_anophthalmia,Spina_Bifida,Curly_Tail,Other_Tail_Abnormalities,HPE,Anterior_Truncation,Smooth_Pointed_Philtrum,Mild_Pointed_Philtrum,Exencephaly,Cyclopia,Stage
211217_Ku_C3H_75_e2_wt,WT,C3H,N,N,N,N,N,N,N,N,N,N,N,N,1
211217_Ku_C3H_89_e4_wt,WT,C3H,N,N,N,N,N,N,N,N,N,N,N,N,1
211217_Ku_C3H_89_e5_wt,WT,C3H,N,N,N,N,N,Y,N,N,N,N,N,N,1
211219_Ku_C3H_56_e3_wt,WT,C3H,N,N,N,N,N,Y,N,N,N,N,N,N,1
211219_Ku_C3H_57_e2_het,HET,C3H,N,N,N,N,N,Y,N,N,N,N,N,N,1
211219_Ku_C3H_57_e3_wt,WT,C3H,N,N,N,N,N,Y,N,N,N,N,N,N,1
220311_C3H_Ku_79_e1_wt,WT,C3H,N,N,N,N,N,Y,N,N,N,N,N,N,1
220311_C3H_Ku_79_e2_het,HET,C3H,N,N,N,N,N,Y,N,N,N,N,N,N,1
220311_C3H_Ku_79_e4_het,HET,C3H,N,N,N,N,N,Y,N,N,N,N,N,N,1
220313_C3H_Ku_69_e6_wt,WT,C3H,N,N,N,N,N,N,N,N,N,N,N,N,1
220313_C3H_Ku_82_e5_het,HET,C3H,N,N,N,N,N,N,N,N,N,N,N,N,1
220314_C3H_Ku_68_e1_het,HET,C3H,N,N,N,N,N,N,N,N,N,N,N,N,1
220314_C3H_Ku_86_e6_wt,WT,C3H,N,N,N,N,N,N,N,N,N,N,N,N,1
220319_C3H_Ku_67_e3_wt,WT,C3H,N,N,N,N,N,N,N,N,N,N,N,N,1
220319_C3H_Ku_67_e5_wt,WT,C3H,N,N,N,N,N,N,N,N,N,N,N,N,1
220319_C3H_Ku_67_e6_het,HET,C3H,N,N,N,N,N,N,N,N,N,N,N,N,1
220319_C3H_Ku_70_e1_wt,WT,C3H,N,N,N,N,N,Y,N,N,N,N,N,N,1
220319_C3H_Ku_70_e2_wt,WT,C3H,N,N,N,N,N,Y,N,N,N,N,N,N,1
220319_C3H_Ku_70_e3_wt,WT,C3H,N,N,N,N,N,N,N,N,N,N,N,N,1
220319_C3H_Ku_70_e4_wt,WT,C3H,N,N,N,N,N,Y,N,N,N,N,N,N,1
220319_C3H_Ku_70_e5_het,HET,C3H,N,N,N,N,N,Y,N,N,N,N,N,N,1
220319_C3H_Ku_70_e6_wt,WT,C3H,N,N,N,N,N,N,N,N,N,N,N,N,1
220319_C3H_Ku_70_e7_wt,WT,C3H,N,N,N,N,N,N,N,N,N,N,N,N,1
220319_C3H_Ku_70_e8_het,HET,C3H,N,N,N,N,N,N,N,N,N,N,N,N,1
220319_C3H_Ku_70_e9_wt,WT,C3H,N,N,N,N,N,N,N,N,N,N,N,N,1
220319_C3H_Ku_71_e5_wt,WT,C3H,N,N,N,N,N,N,N,N,N,N,N,N,1
220319_C3H_Ku_71_e6_wt,WT,C3H,N,N,N,N,N,Y,N,N,N,N,N,N,1
220319_C3H_Ku_74_e3_het,HET,C3H,N,N,N,N,N,N,N,N,N,N,N,N,1
220408_BL6_Ku_37_e5_wt,WT,C57BL6,N,N,N,N,N,N,N,N,N,N,N,N,1
220422_BL6_Ku_50_e6_wt,WT,C57BL6,N,N,N,N,N,N,N,N,N,N,N,N,1
230928_C3H_Ku_143_e2_het,HET,C3H,N,N,N,N,N,Y,N,N,N,N,N,N,1
230928_C3H_Ku_143_e4_het,HET,C3H,N,N,N,N,N,N,N,N,N,N,N,N,1
231010_C3H_Ku_136_e4_wt,WT,C3H,N,N,N,N,N,N,N,N,N,N,N,N,1
231010_C3H_Ku_155_e4_wt,WT,C3H,N,N,N,N,N,Y,N,N,N,N,N,N,1
231010_C3H_Ku_155_e5_het,HET,C3H,N,N,N,N,N,N,N,N,N,N,N,N,1
231010_C3H_Ku_155_e7_wt,WT,C3H,N,N,N,N,N,N,N,N,N,N,N,N,1
231011_C3H_Ku_151_e1_het,HET,C3H,N,N,N,N,N,N,N,N,N,N,N,N,1
231011_C3H_Ku_151_e2_wt,WT,C3H,N,N,N,N,N,Y,N,N,N,N,N,N,1
231011_C3H_Ku_151_e3_het,HET,C3H,N,N,N,N,N,Y,N,N,N,N,N,N,1
231011_C3H_Ku_151_e4_wt,WT,C3H,N,N,N,N,N,N,N,N,N,N,N,N,1
231011_C3H_Ku_151_e5_het,HET,C3H,N,N,N,N,N,Y,N,N,N,N,N,N,1
231011_C3H_Ku_151_e6_het,HET,C3H,N,N,N,Y,Y,N,N,N,N,N,N,N,1
231018_C3H_Ku_145_e4_wt,WT,C3H,N,N,N,N,N,N,N,N,N,N,N,N,1
231018_C3H_Ku_145_e5_wt,WT,C3H,N,N,N,N,N,N,N,N,N,N,N,N,1
231018_C3H_Ku_32_e3_wt,WT,C3H,N,N,N,N,N,N,N,N,N,N,N,N,1
231018_C3H_Ku_32_e5_wt,WT,C3H,N,N,N,N,N,Y,N,N,N,N,N,N,1
231029_C3H_Ku_22_e7_wt,WT,C3H,N,N,N,N,N,N,N,N,N,N,N,N,1
231201_C3H_Ku_176_e1_het,HET,C3H,N,N,N,N,N,Y,N,N,N,N,N,N,1
231201_C3H_Ku_176_e2_het,HET,C3H,N,N,N,Y,Y,N,N,N,N,N,N,N,1
231201_C3H_Ku_176_e3_het,HET,C3H,N,N,N,N,N,N,N,N,N,N,N,N,1
231201_C3H_Ku_176_e4_het,HET,C3H,N,N,N,N,N,N,N,N,N,N,N,N,1
231207_C3H_Ku_58_e1_het,HET,C3H,N,N,N,N,N,N,N,N,N,N,N,N,1
210821_b6ku_3_e1_het,HET,C57BL6,N,N,N,N,N,N,N,N,N,N,N,N,2
210821_b6ku_3_e2_wt,WT,C57BL6,N,N,N,N,N,Y,N,N,N,N,N,N,2
210821_b6ku_3_e3_het,HET,C57BL6,N,N,N,N,Y,N,N,N,N,N,N,N,2
210821_b6ku_3_e4_wt,WT,C57BL6,N,N,N,N,N,N,N,N,N,N,N,N,2
210821_b6ku_3_e5_wt,WT,C57BL6,N,N,N,N,N,N,N,N,N,N,N,N,2
210821_b6ku_3_e6_wt,WT,C57BL6,N,N,N,N,N,N,N,N,N,N,N,N,2
210821_b6ku_3_e7_wt,WT,C57BL6,N,N,N,N,N,N,N,N,N,N,N,N,2
210821_b6ku_3_e8_wt,WT,C57BL6,N,N,N,N,N,N,N,N,N,N,N,N,2
210829_Ku_BL6_22296_e1_wt,WT,C57BL6,N,N,N,N,N,N,N,N,N,N,N,N,2
210913_b6ku_22297_e1_het,HET,C57BL6,N,N,N,N,N,Y,N,N,N,N,N,N,2
210913_b6ku_22297_e2_wt,WT,C57BL6,N,N,N,N,N,N,N,N,N,N,N,N,2
210913_b6ku_22297_e3_het,HET,C57BL6,N,Y,Left,N,N,Y,N,N,N,N,N,N,2
210913_b6ku_22297_e4_wt,WT,C57BL6,N,N,N,N,N,N,N,N,N,N,N,N,2
210913_b6ku_22297_e5_wt,WT,C57BL6,N,N,N,N,N,N,N,N,N,N,N,N,2
210913_b6ku_22297_e6_wt,WT,C57BL6,N,N,N,N,N,N,N,N,N,N,N,N,2
210913_b6ku_22297_e7_wt,WT,C57BL6,N,N,N,N,N,N,N,N,N,N,N,N,2
210913_b6ku_22297_e8_het,HET,C57BL6,Y,N,Left,N,N,N,N,N,N,N,N,N,2
210913_b6ku_22298_e3_wt,WT,C57BL6,N,N,N,N,N,N,N,N,N,N,N,N,2
210913_b6ku_22298_e4_wt,WT,C57BL6,N,N,N,N,N,N,N,N,N,N,N,N,2
210913_b6ku_22298_e8_wt,WT,C57BL6,N,N,N,N,N,Y,N,N,N,N,N,N,2
210913_b6ku_22299_e3_wt,WT,C57BL6,N,N,N,N,N,Y,N,N,N,N,N,N,2
210913_b6ku_22299_e4_wt,WT,C57BL6,N,N,N,N,N,N,N,N,N,N,N,N,2
210913_b6ku_22299_e7_het,HET,C57BL6,N,N,N,N,N,N,N,N,N,N,N,N,2
210913_b6ku_22300_e1_wt,WT,C57BL6,N,N,N,N,N,N,N,N,N,N,N,N,2
210913_b6ku_22300_e2_wt,WT,C57BL6,N,N,N,N,N,N,N,N,N,N,N,N,2
210913_b6ku_22300_e3_wt,WT,C57BL6,N,N,N,N,N,N,N,N,N,N,N,N,2
210913_b6ku_22300_e4_het,HET,C57BL6,N,N,N,N,N,N,N,N,N,N,N,N,2
210913_b6ku_22300_e5_wt,WT,C57BL6,N,N,N,N,N,N,N,N,N,N,N,N,2
210913_b6ku_22300_e6_het,HET,C57BL6,Y,N,Both,N,N,N,Y,N,Y,N,N,N,2
210913_b6ku_22300_e7_het,HET,C57BL6,N,N,N,N,N,N,N,N,N,N,N,N,2
210913_b6ku_22300_e8_het,HET,C57BL6,Y,N,Both,N,N,N,Y,N,Y,N,N,N,2
210913_b6ku_22999_e6_wt,WT,C57BL6,N,N,N,N,N,N,N,N,N,N,N,N,2
210926_Ku_BL6_22296_e3_het,HET,C57BL6,N,Y,Right,N,N,N,N,N,N,N,N,N,2
210926_Ku_BL6_22296_e4_het,HET,C57BL6,N,N,N,N,N,N,N,N,N,N,N,N,2
210926_Ku_BL6_22296_e5_het,HET,C57BL6,N,N,N,N,N,N,N,N,N,N,N,N,2
210926_Ku_BL6_22296_e6_het,HET,C57BL6,N,N,N,N,Y,N,N,N,N,Y,N,N,2
210926_Ku_BL6_22296_e7_het,HET,C57BL6,N,Y,Both,N,N,N,N,N,N,N,N,N,2
210926_Ku_BL6_22296_e8_het,HET,C57BL6,Y,N,Left,N,Y,N,N,N,N,N,N,N,2
210926_Ku_BL6_22298_e10_wt,WT,C57BL6,N,N,N,N,N,N,N,N,N,N,N,N,2
210926_Ku_BL6_22298_e1_het,HET,C57BL6,N,N,N,N,N,Y,N,N,N,N,N,N,2
210926_Ku_BL6_22298_e2_het,HET,C57BL6,Y,N,Right,N,N,Y,N,N,N,N,N,N,2
210926_Ku_BL6_22298_e5_het,HET,C57BL6,N,N,N,N,Y,N,N,N,N,N,N,N,2
210926_Ku_BL6_22298_e6_wt,WT,C57BL6,N,N,N,N,N,N,N,N,N,N,N,N,2
210926_Ku_BL6_22298_e7_het,HET,C57BL6,N,N,N,N,N,N,N,N,N,N,N,N,2
210926_Ku_BL6_22298_e9_wt,WT,C57BL6,N,N,N,N,N,N,N,N,N,N,N,N,2
210926_Ku_BL6_22299_e1_het,HET,C57BL6,Y,N,Left,N,N,N,N,N,N,Y,N,N,2
210926_Ku_BL6_22300_e9_het,HET,C57BL6,N,N,N,N,N,N,N,N,N,N,N,N,2
210928_Ku_BL6_22296_e2_wt,WT,C57BL6,N,N,N,N,N,N,N,N,N,N,N,N,2
211217_Ku_C3H_75_e1_wt,WT,C3H,N,N,N,N,N,N,N,N,N,N,N,N,2
211217_Ku_C3H_75_e3_wt,WT,C3H,N,N,N,N,N,Y,N,N,N,N,N,N,2
211217_Ku_C3H_75_e4_wt,WT,C3H,N,N,N,N,N,N,N,N,N,N,N,N,2
211217_Ku_C3H_75_e5_wt,WT,C3H,N,N,N,N,N,N,N,N,N,N,N,N,2
211217_Ku_C3H_75_e6_wt,WT,C3H,N,N,N,N,N,N,N,N,N,N,N,N,2
211217_Ku_C3H_75_e7_wt,WT,C3H,N,N,N,N,N,Y,N,N,N,N,N,N,2
211217_Ku_C3H_75_e8_wt,WT,C3H,N,N,N,N,N,N,N,N,N,N,N,N,2
211217_Ku_C3H_89_e1_wt,WT,C3H,N,N,N,N,N,N,N,N,N,N,N,N,2
211217_Ku_C3H_89_e2_wt,WT,C3H,N,N,N,N,N,Y,N,N,N,N,N,N,2
211217_Ku_C3H_93_e1_het,HET,C3H,N,N,N,N,N,N,N,N,N,N,N,N,2
211217_Ku_C3H_93_e2_wt,WT,C3H,N,N,N,N,N,Y,N,N,N,N,N,N,2
211217_Ku_C3H_93_e3_wt,WT,C3H,N,N,N,N,N,Y,N,N,N,N,N,N,2
211217_Ku_C3H_93_e4_wt,WT,C3H,N,N,N,N,N,Y,N,N,N,N,N,N,2
211217_Ku_C3H_93_e5_het,HET,C3H,N,N,N,Y,Y,N,N,N,N,N,N,N,2
211219_Ku_C3H_56_e1_wt,WT,C3H,N,N,N,N,N,N,N,N,N,N,N,N,2
211219_Ku_C3H_56_e2_wt,WT,C3H,N,N,N,N,N,N,N,N,N,N,N,N,2
211219_Ku_C3H_56_e4_wt,WT,C3H,N,N,N,N,N,N,N,N,N,N,N,N,2
211219_Ku_C3H_56_e5_het,HET,C3H,N,N,N,Y,N,N,N,N,N,N,N,N,2
211219_Ku_C3H_56_e6_wt,WT,C3H,N,N,N,N,N,N,N,N,N,N,N,N,2
211219_Ku_C3H_56_e7_het,HET,C3H,N,N,N,N,N,N,N,N,N,N,N,N,2
211219_Ku_C3H_57_e1_het,HET,C3H,N,N,N,N,N,Y,N,N,N,N,N,N,2
211219_Ku_C3H_57_e4_het,HET,C3H,N,N,N,Y,N,N,N,N,N,N,N,N,2
211219_Ku_C3H_57_e5_het,HET,C3H,N,N,N,N,N,Y,N,N,N,N,N,N,2
211219_Ku_C3H_57_e6_wt,WT,C3H,N,N,N,N,N,N,N,N,N,N,N,N,2
211219_Ku_C3H_57_e7_wt,WT,C3H,N,N,N,N,N,N,N,N,N,N,N,N,2
211219_Ku_C3H_92_e1_het,HET,C3H,N,N,N,N,N,Y,N,N,N,N,N,N,2
211219_Ku_C3H_92_e2_het,HET,C3H,N,N,N,N,N,Y,N,N,N,N,N,N,2
211219_Ku_C3H_92_e3_het,HET,C3H,N,N,N,N,N,Y,N,N,N,N,N,N,2
211219_Ku_C3H_92_e4_het,HET,C3H,N,N,N,N,N,N,N,N,N,N,N,N,2
220311_C3H_Ku_79_e3_wt,WT,C3H,N,N,N,N,N,N,N,N,N,N,N,N,2
220311_C3H_Ku_79_e5_het,HET,C3H,N,N,N,N,N,Y,N,N,N,N,N,N,2
220311_C3H_Ku_79_e6_wt,WT,C3H,N,N,N,N,N,Y,N,N,N,N,N,N,2
220313_C3H_Ku_69_e1_wt,WT,C3H,N,N,N,N,N,N,N,N,N,N,N,N,2
220313_C3H_Ku_69_e2_wt,WT,C3H,N,N,N,N,N,N,N,N,N,N,N,N,2
220313_C3H_Ku_69_e3_wt,WT,C3H,N,N,N,N,N,N,N,N,N,N,N,N,2
220313_C3H_Ku_69_e4_wt,WT,C3H,N,N,N,N,N,N,N,N,N,N,N,N,2
220313_C3H_Ku_69_e5_wt,WT,C3H,N,N,N,N,N,N,N,N,N,N,N,N,2
220313_C3H_Ku_69_e7_het,HET,C3H,N,N,N,N,N,Y,N,N,N,N,N,N,2
220313_C3H_Ku_82_e1_het,HET,C3H,N,N,N,N,N,N,N,N,N,N,N,N,2
220313_C3H_Ku_82_e2_het,HET,C3H,N,N,N,N,N,N,N,N,N,N,N,N,2
220313_C3H_Ku_82_e3_het,HET,C3H,N,N,N,N,N,N,N,N,N,N,N,N,2
220313_C3H_Ku_82_e4_het,HET,C3H,N,N,N,N,N,N,N,N,N,N,N,N,2
220314_C3H_Ku_68_e2_wt,WT,C3H,N,N,N,N,N,N,N,N,N,N,N,N,2
220314_C3H_Ku_68_e3_wt,WT,C3H,N,N,N,N,N,N,N,N,N,N,N,N,2
220314_C3H_Ku_68_e4_wt,WT,C3H,N,N,N,N,N,N,N,N,N,N,N,N,2
220314_C3H_Ku_68_e5_wt,WT,C3H,N,N,N,N,N,N,N,N,N,N,N,N,2
220314_C3H_Ku_68_e6_wt,WT,C3H,N,N,N,N,N,Y,N,N,N,N,N,N,2
220314_C3H_Ku_68_e7_wt,WT,C3H,N,N,N,N,N,Y,N,N,N,N,N,N,2
220314_C3H_Ku_68_e8_het,HET,C3H,N,N,N,N,N,Y,N,N,N,N,N,N,2
220314_C3H_Ku_68_e9_wt,WT,C3H,N,N,N,N,N,Y,N,N,N,N,N,N,2
220314_C3H_Ku_86_e1_wt,WT,C3H,N,N,N,N,N,N,N,N,N,N,N,N,2
220314_C3H_Ku_86_e2_wt,WT,C3H,N,N,N,N,N,N,N,N,N,N,N,N,2
220314_C3H_Ku_86_e4_het,HET,C3H,N,N,N,Y,Y,N,N,N,N,N,N,N,2
220314_C3H_Ku_86_e5_wt,WT,C3H,N,N,N,N,N,N,N,N,N,N,N,N,2
220319_C3H_Ku_67_e1_het,HET,C3H,N,N,N,N,N,N,N,N,N,N,N,N,2
220319_C3H_Ku_67_e2_het,HET,C3H,N,N,N,Y,N,N,N,N,N,N,N,N,2
220319_C3H_Ku_67_e4_wt,WT,C3H,N,N,N,N,N,Y,N,N,N,N,N,N,2
220319_C3H_Ku_67_e7_wt,WT,C3H,N,N,N,N,N,N,N,N,N,N,N,N,2
220319_C3H_Ku_67_e8_het,HET,C3H,N,N,N,N,N,Y,N,N,N,N,N,N,2
220319_C3H_Ku_71_e1_wt,WT,C3H,N,N,N,N,N,N,N,N,N,N,N,N,2
220319_C3H_Ku_71_e2_wt,WT,C3H,N,N,N,N,N,N,N,N,N,N,N,N,2
220319_C3H_Ku_71_e3_wt,WT,C3H,N,N,N,N,N,N,N,N,N,N,N,N,2
220319_C3H_Ku_71_e4_wt,WT,C3H,N,N,N,N,N,N,N,N,N,N,N,N,2
220319_C3H_Ku_74_e1_het,HET,C3H,N,N,N,N,N,N,N,N,N,N,N,N,2
220319_C3H_Ku_74_e2_wt,WT,C3H,N,N,N,N,N,N,N,N,N,N,N,N,2
220319_C3H_Ku_74_e4_het,HET,C3H,N,N,N,N,N,Y,N,N,N,N,N,N,2
220319_C3H_Ku_74_e5_wt,WT,C3H,N,N,N,N,N,Y,N,N,N,N,N,N,2
220319_C3H_Ku_74_e6_wt,WT,C3H,N,N,N,N,N,N,N,N,N,N,N,N,2
220319_C3H_Ku_74_e7_wt,WT,C3H,N,N,N,N,N,N,N,N,N,N,N,N,2
220408_BL6_Ku_37_e1_wt,WT,C57BL6,N,N,N,N,N,N,N,N,N,N,N,N,2
220408_BL6_Ku_37_e2_wt,WT,C57BL6,N,N,N,N,N,N,N,N,N,N,N,N,2
220408_BL6_Ku_37_e3_wt,WT,C57BL6,N,N,N,N,N,N,N,N,N,N,N,N,2
220408_BL6_Ku_37_e4_het,HET,C57BL6,N,N,N,N,N,N,N,N,N,N,N,N,2
220409_BL6_Ku_33_e1_het,HET,C57BL6,Y,N,N,Y,Y,N,N,N,N,N,N,N,2
220409_BL6_Ku_33_e2_wt,WT,C57BL6,N,N,N,N,N,N,N,N,N,N,N,N,2
220409_BL6_Ku_33_e3_wt,WT,C57BL6,Y,N,Right,N,N,N,N,N,N,N,N,N,2
220409_BL6_Ku_33_e4_het,HET,C57BL6,N,N,N,N,N,Y,N,N,N,N,N,N,2
220409_BL6_Ku_33_e5_het,HET,C57BL6,N,N,N,N,N,N,N,N,N,N,N,N,2
220409_BL6_Ku_33_e6_het,HET,C57BL6,N,N,N,N,N,N,N,N,N,N,N,N,2
220409_BL6_Ku_33_e7_het,HET,C57BL6,N,N,N,N,N,N,N,N,N,N,N,N,2
220409_BL6_Ku_33_e8_het,HET,C57BL6,N,N,N,N,N,N,N,N,N,N,N,N,2
220422_BL6_Ku_47_e1_wt,WT,C57BL6,N,N,N,N,N,N,N,N,N,N,N,N,2
220422_BL6_Ku_47_e2_wt,WT,C57BL6,N,N,N,N,N,N,N,N,N,N,N,N,2
220422_BL6_Ku_47_e3_wt,WT,C57BL6,N,N,N,N,N,N,N,N,N,N,N,N,2
220422_BL6_Ku_47_e4_wt,WT,C57BL6,N,N,N,N,N,N,N,N,N,N,N,N,2
220422_BL6_Ku_47_e5_wt,WT,C57BL6,N,N,N,N,N,N,N,N,N,N,N,N,2
220422_BL6_Ku_47_e6_wt,WT,C57BL6,N,N,N,N,N,N,N,N,N,N,N,N,2
220422_BL6_Ku_47_e7_wt,WT,C57BL6,N,N,N,N,N,N,N,N,N,N,N,N,2
220422_BL6_Ku_47_e8_wt,WT,C57BL6,N,N,N,N,N,N,N,N,N,N,N,N,2
220422_BL6_Ku_47_e9_wt,WT,C57BL6,Y,N,Left,N,N,N,N,N,N,N,N,N,2
220422_BL6_Ku_50_e1_het,HET,C57BL6,Y,N,Left,N,N,N,N,N,N,N,N,N,2
220422_BL6_Ku_50_e2_het,HET,C57BL6,N,N,N,N,N,N,N,N,N,N,N,N,2
220422_BL6_Ku_50_e3_wt,WT,C57BL6,N,N,N,N,N,N,N,N,N,N,N,N,2
220422_BL6_Ku_50_e4_het,HET,C57BL6,N,N,N,N,N,N,N,N,N,N,N,N,2
220422_BL6_Ku_50_e5_het,HET,C57BL6,N,Y,Right,N,N,N,Y,N,Y,N,N,N,2
220422_BL6_Ku_50_e7_het,HET,C57BL6,N,N,N,N,N,N,N,N,N,N,N,N,2
220422_BL6_Ku_50_e8_het,HET,C57BL6,N,N,N,N,N,N,N,N,N,N,N,N,2
220422_BL6_Ku_50_e9_wt,WT,C57BL6,N,N,N,N,N,N,N,N,N,N,N,N,2
220510_F1_Ku_116_e1_wt,WT,F1,N,N,N,N,N,N,N,N,N,N,N,N,2
220510_F1_Ku_116_e2_wt,WT,F1,N,N,N,N,N,N,N,N,N,N,N,N,2
220510_F1_Ku_116_e3_wt,WT,F1,N,N,N,N,N,N,N,N,N,N,N,N,2
220510_F1_Ku_116_e4_wt,WT,F1,N,N,N,N,N,N,N,N,N,N,N,N,2
220510_F1_Ku_116_e6_wt,WT,F1,N,N,N,N,N,N,N,N,N,N,N,N,2
220518_F1_Ku_107_e1_het,HET,F1,N,N,N,N,N,N,N,N,N,N,N,N,2
220518_F1_Ku_107_e2_het,HET,F1,N,N,N,N,N,N,N,N,N,N,N,N,2
220527_F1_Ku_97_e1_het,HET,F1,N,N,N,N,N,Y,N,N,N,N,N,N,2
220527_F1_Ku_97_e2_het,HET,F1,N,N,N,N,N,Y,N,N,N,N,N,N,2
220601_F1_Ku_33_e1_wt,WT,F1,N,N,N,N,N,N,N,N,N,N,N,N,2
220601_F1_Ku_33_e2_wt,WT,F1,N,N,N,N,N,N,N,N,N,N,N,N,2
220601_F1_Ku_33_e3_wt,WT,F1,N,N,N,N,N,N,N,N,N,N,N,N,2
220601_F1_Ku_33_e4_wt,WT,F1,N,N,N,N,N,N,N,N,N,N,N,N,2
220601_F1_Ku_33_e5_wt,WT,F1,N,N,N,N,N,N,N,N,N,N,N,N,2
220601_F1_Ku_33_e6_het,HET,F1,N,N,N,N,N,N,N,N,N,N,N,N,2
220601_F1_Ku_33_e7_wt,WT,F1,N,N,N,N,N,N,N,N,N,N,N,N,2
220601_F1_Ku_33_e8_wt,WT,F1,N,N,N,N,N,N,N,N,N,N,N,N,2
220613_BL6_Ku_29446_e10_het,HET,C57BL6,N,N,N,N,Y,N,N,N,N,N,N,N,2
220613_BL6_Ku_29446_e1_wt,WT,C57BL6,N,N,N,N,N,N,N,N,N,N,N,N,2
220613_BL6_Ku_29446_e2_wt,WT,C57BL6,N,N,N,N,N,N,N,N,N,N,N,N,2
220613_BL6_Ku_29446_e4_wt,WT,C57BL6,N,N,N,N,N,N,N,N,N,N,N,N,2
220613_BL6_Ku_29446_e5_het,HET,C57BL6,N,N,N,N,N,N,N,N,N,N,N,N,2
220613_BL6_Ku_29446_e6_wt,WT,C57BL6,N,N,N,N,N,N,N,N,N,N,N,N,2
220613_BL6_Ku_29446_e7_wt,WT,C57BL6,N,N,N,N,N,N,N,N,N,N,N,N,2
220613_BL6_Ku_29446_e8_het,HET,C57BL6,N,N,N,N,N,N,N,N,N,N,N,N,2
220613_BL6_Ku_29447_e2_wt,WT,C57BL6,N,N,N,N,N,N,N,N,N,N,N,N,2
220613_BL6_Ku_29447_e3_het,HET,C57BL6,N,N,N,N,N,N,N,N,N,N,N,N,2
220613_BL6_Ku_29447_e4_wt,WT,C57BL6,N,N,N,N,N,N,N,N,N,N,N,N,2
220613_BL6_Ku_29447_e5_wt,WT,C57BL6,N,N,N,N,N,N,N,N,N,N,N,N,2
220613_BL6_Ku_29447_e6_wt,WT,C57BL6,N,N,N,N,N,N,N,N,N,N,N,N,2
220613_BL6_Ku_29447_e7_wt,WT,C57BL6,N,N,N,N,N,N,N,N,N,N,N,N,2
220613_BL6_Ku_29447_e8_het,HET,C57BL6,N,N,N,N,N,N,N,N,N,N,N,N,2
220616_BL6_Ku_29446_e9_wt,WT,C57BL6,N,N,N,N,N,N,N,N,N,N,N,N,2
220616_BL6_Ku_29447_e1_wt,WT,C57BL6,N,N,N,N,N,N,N,N,N,N,N,N,2
220704_F1_Ku_141_e1_wt,WT,F1,N,N,N,N,N,N,N,N,N,N,N,N,2
220704_F1_Ku_141_e2_het,HET,F1,N,N,N,N,N,N,N,N,N,N,N,N,2
220704_F1_Ku_141_e3_wt,WT,F1,N,N,N,N,N,N,N,N,N,N,N,N,2
220704_F1_Ku_141_e4_wt,WT,F1,N,N,N,N,N,N,N,N,N,N,N,N,2
220704_F1_Ku_141_e5_wt,WT,F1,N,N,N,N,N,N,N,N,N,N,N,N,2
220704_F1_Ku_152_e1_wt,WT,F1,N,N,N,N,N,N,N,N,N,N,N,N,2
220704_F1_Ku_152_e2_het,HET,F1,N,N,N,N,N,Y,N,N,N,N,N,N,2
220704_F1_Ku_152_e3_wt,WT,F1,N,N,N,N,N,N,N,N,N,N,N,N,2
220812_F1_Ku_11_e1_wt,WT,F1,N,N,N,N,N,N,N,N,N,N,N,N,2
220812_F1_Ku_11_e2_het,HET,F1,N,N,N,N,N,N,N,N,N,N,N,N,2
220812_F1_Ku_11_e3_het,HET,F1,N,N,N,N,N,N,N,N,N,N,N,N,2
220812_F1_Ku_11_e4_het,HET,F1,N,N,N,N,N,N,N,N,N,N,N,N,2
220812_F1_Ku_11_e6_wt,WT,F1,N,N,N,N,N,N,N,N,N,N,N,N,2
220812_F1_Ku_71_e1_wt,WT,F1,N,N,N,N,N,N,N,N,N,N,N,N,2
220812_F1_Ku_71_e2_het,HET,F1,N,N,N,N,N,N,N,N,N,N,N,N,2
220812_F1_Ku_71_e3_het,HET,F1,N,N,N,N,Y,N,N,N,N,N,N,N,2
220814_F1_Ku_68_e1_het,HET,F1,N,N,N,N,N,N,N,N,N,N,N,N,2
220814_F1_Ku_68_e2_wt,WT,F1,N,N,N,N,N,N,N,N,N,N,N,N,2
220814_F1_Ku_68_e3_het,HET,F1,N,N,N,N,N,Y,N,N,N,N,N,N,2
220814_F1_Ku_68_e4_het,HET,F1,N,N,N,N,N,N,N,N,N,N,N,N,2
220814_F1_Ku_72_e1_het,HET,F1,N,N,N,N,N,N,N,N,N,N,N,N,2
220814_F1_Ku_72_e2_het,HET,F1,N,N,N,N,N,Y,N,N,N,N,N,N,2
220814_F1_Ku_72_e3_wt,WT,F1,N,N,N,N,N,N,N,N,N,N,N,N,2
220814_F1_Ku_72_e4_het,HET,F1,N,N,N,N,N,Y,N,N,N,N,N,N,2
220814_F1_Ku_72_e5_wt,WT,F1,N,N,N,N,N,N,N,N,N,N,N,N,2
220814_F1_Ku_72_e6_het,HET,F1,N,N,N,N,N,N,N,N,N,N,N,N,2
220814_F1_Ku_72_e7_het,HET,F1,N,N,N,N,N,Y,N,N,N,N,N,N,2
220814_F1_Ku_72_e8_wt,WT,F1,N,N,N,N,N,N,N,N,N,N,N,N,2
220815_F1_Ku_11_e5_wt,WT,F1,N,N,N,N,N,N,N,N,N,N,N,N,2
220815_F1_Ku_11_e7_wt,WT,F1,N,N,N,N,N,N,N,N,N,N,N,N,2
220815_F1_Ku_71_e4_het,HET,F1,N,N,N,N,N,N,N,N,N,N,N,N,2
220815_F1_Ku_71_e5_wt,WT,F1,N,N,N,N,N,N,N,N,N,N,N,N,2
220819_F1_Ku_3_e1_het,HET,F1,N,N,N,N,N,N,N,N,N,N,N,N,2
220819_F1_Ku_3_e3_het,HET,F1,N,N,N,N,N,N,N,N,N,N,N,N,2
220819_F1_Ku_3_e4_wt,WT,F1,N,N,N,N,N,N,N,N,N,N,N,N,2
220819_F1_Ku_3_e6_wt,WT,F1,N,N,N,N,N,N,N,N,N,N,N,N,2
220822_F1_Ku_3_e2_het,HET,F1,N,N,N,N,N,N,N,N,N,N,N,N,2
220822_F1_Ku_3_e5_wt,WT,F1,N,N,N,N,N,N,N,N,N,N,N,N,2
220825_F1_Ku_2_e1_het,HET,F1,N,N,N,N,N,N,N,N,N,N,N,N,2
220825_F1_Ku_2_e2_het,HET,F1,N,N,N,N,N,N,N,N,N,N,N,N,2
220828_F1_Ku_4_e1_het,HET,F1,N,N,N,N,N,N,N,N,N,N,N,N,2
220828_F1_Ku_4_e3_het,HET,F1,N,N,N,N,N,N,N,N,N,N,N,N,2
220831_F1_Ku_4_e2_het,HET,F1,N,N,N,N,N,N,N,N,N,N,N,N,2
220831_F1_Ku_4_e5_het,HET,F1,N,N,N,N,N,Y,N,N,N,N,N,N,2
220903_F1_Ku_4_e4_wt,WT,F1,N,N,N,N,N,N,N,N,N,N,N,N,2
230927_C3H_Ku_146_e1_het,HET,C3H,N,N,N,N,N,Y,N,N,N,N,N,N,2
230927_C3H_Ku_146_e2_het,HET,C3H,N,N,N,N,N,Y,N,N,N,N,N,N,2
230927_C3H_Ku_146_e3_wt,WT,C3H,N,N,N,N,N,N,N,N,N,N,Y,N,2
230927_C3H_Ku_146_e4_wt,WT,C3H,N,N,N,N,N,Y,N,N,N,N,N,N,2
230927_C3H_Ku_146_e5_het,HET,C3H,N,N,N,N,N,Y,N,N,N,N,N,N,2
230927_C3H_Ku_146_e6_wt,WT,C3H,N,N,N,N,N,Y,N,N,N,N,N,N,2
230927_C3H_Ku_146_e7_wt,WT,C3H,N,N,N,N,N,Y,N,N,N,N,N,N,2
230927_C3H_Ku_146_e8_wt,WT,C3H,N,N,N,N,N,Y,N,N,N,N,N,N,2
230927_C3H_Ku_146_e9_wt,WT,C3H,N,N,N,N,N,Y,N,N,N,N,N,N,2
230928_C3H_Ku_143_e1_wt,WT,C3H,N,N,N,N,N,Y,N,N,N,N,N,N,2
230928_C3H_Ku_143_e3_het,HET,C3H,N,N,N,N,N,Y,N,N,N,N,N,N,2
230928_C3H_Ku_143_e5_het,HET,C3H,N,N,N,N,Y,N,N,N,N,N,N,N,2
230928_C3H_Ku_143_e6_het,HET,C3H,N,N,N,N,N,Y,N,N,N,N,N,N,2
230928_C3H_Ku_143_e7_wt,WT,C3H,N,N,N,N,N,Y,N,N,N,N,N,N,2
231010_C3H_Ku_136_e1_het,HET,C3H,N,N,N,N,N,Y,N,N,N,N,N,N,2
231010_C3H_Ku_136_e2_wt,WT,C3H,N,N,N,N,N,N,N,N,N,N,N,N,2
231010_C3H_Ku_136_e3_wt,WT,C3H,N,N,N,N,N,N,N,N,N,N,N,N,2
231010_C3H_Ku_152_e1_wt,WT,C3H,N,N,N,N,N,Y,N,N,N,N,N,N,2
231010_C3H_Ku_152_e2_het,HET,C3H,N,N,N,N,N,Y,N,N,N,N,N,N,2
231010_C3H_Ku_152_e3_wt,WT,C3H,N,N,N,N,N,N,N,N,N,N,N,N,2
231010_C3H_Ku_152_e4_wt,WT,C3H,N,N,N,N,N,N,N,N,N,N,N,N,2
231010_C3H_Ku_152_e5_het,HET,C3H,N,N,N,N,Y,N,N,N,N,N,N,N,2
231010_C3H_Ku_152_e6_wt,WT,C3H,N,N,N,N,N,Y,N,N,N,N,N,N,2
231010_C3H_Ku_155_e1_wt,WT,C3H,N,N,N,N,N,N,N,N,N,N,N,N,2
231010_C3H_Ku_155_e2_wt,WT,C3H,N,N,N,N,N,Y,N,N,N,N,N,N,2
231010_C3H_Ku_155_e3_het,HET,C3H,N,N,N,N,N,N,N,N,N,N,N,N,2
231010_C3H_Ku_155_e6_wt,WT,C3H,N,N,N,N,N,N,N,N,N,N,N,N,2
231018_BL6_Ku_87_e10_wt,WT,C57BL6,N,N,N,N,N,N,N,N,N,N,N,N,2
231018_BL6_Ku_87_e11_wt,WT,C57BL6,N,N,N,N,N,N,N,N,N,N,N,N,2
231018_BL6_Ku_87_e12_het,HET,C57BL6,N,N,N,N,N,N,N,N,N,N,N,N,2
231018_BL6_Ku_87_e13_het,HET,C57BL6,N,N,N,N,N,N,N,N,N,N,N,N,2
231018_BL6_Ku_87_e14_het,HET,C57BL6,N,N,N,N,N,N,N,N,N,N,N,N,2
231018_BL6_Ku_87_e1_wt,WT,C57BL6,N,N,N,N,N,N,N,N,N,N,N,N,2
231018_BL6_Ku_87_e2_wt,WT,C57BL6,N,N,N,N,N,N,N,N,N,N,N,N,2
231018_BL6_Ku_87_e3_wt,WT,C57BL6,N,N,N,N,N,N,N,N,N,N,N,N,2
231018_BL6_Ku_87_e4_het,HET,C57BL6,N,N,N,N,N,N,N,N,N,N,N,N,2
231018_BL6_Ku_87_e5_wt,WT,C57BL6,N,N,N,N,N,Y,N,N,N,N,N,N,2
231018_BL6_Ku_87_e6_het,HET,C57BL6,N,N,N,N,N,N,N,N,N,N,N,N,2
231018_BL6_Ku_87_e7_wt,WT,C57BL6,N,N,N,N,N,N,N,N,N,N,N,N,2
231018_BL6_Ku_87_e8_wt,WT,C57BL6,N,N,N,N,N,N,N,N,N,N,N,N,2
231018_BL6_Ku_87_e9_wt,WT,C57BL6,N,N,N,N,N,N,N,N,N,N,N,N,2
231018_BL6_Ku_9_e10_wt,WT,C57BL6,N,N,N,N,N,N,N,N,N,N,N,N,2
231018_BL6_Ku_9_e11_het,HET,C57BL6,N,N,N,N,N,Y,N,N,N,N,N,N,2
231018_BL6_Ku_9_e1_wt,WT,C57BL6,N,N,N,N,N,Y,N,N,N,N,N,N,2
231018_BL6_Ku_9_e2_het,HET,C57BL6,N,N,N,N,N,N,N,N,N,N,N,N,2
231018_BL6_Ku_9_e3_wt,WT,C57BL6,N,N,N,N,N,N,N,N,N,N,N,N,2
231018_BL6_Ku_9_e4_wt,WT,C57BL6,N,N,N,N,N,N,N,N,N,N,N,N,2
231018_BL6_Ku_9_e5_wt,WT,C57BL6,N,N,N,N,N,Y,N,N,N,N,N,N,2
231018_BL6_Ku_9_e6_wt,WT,C57BL6,N,N,N,N,N,N,N,N,N,N,N,N,2
231018_BL6_Ku_9_e7_wt,WT,C57BL6,N,N,N,N,N,N,N,N,N,N,N,N,2
231018_BL6_Ku_9_e8_het,HET,C57BL6,N,N,N,N,N,N,N,N,N,N,N,N,2
231018_BL6_Ku_9_e9_het,HET,C57BL6,N,N,N,N,N,N,N,N,N,N,N,N,2
231018_C3H_Ku_145_e1_het,HET,C3H,N,N,N,N,N,N,N,N,N,N,N,N,2
231018_C3H_Ku_145_e2_wt,WT,C3H,N,N,N,N,N,N,N,N,N,N,N,N,2
231018_C3H_Ku_145_e3_wt,WT,C3H,N,N,N,N,N,N,N,N,N,N,N,N,2
231018_C3H_Ku_32_e2_het,HET,C3H,N,N,N,N,N,Y,N,N,N,N,N,N,2
231018_C3H_Ku_32_e4_wt,WT,C3H,N,N,N,N,N,Y,N,N,N,N,N,N,2
231021_C3H_Ku_144_e1_het,HET,C3H,N,N,N,N,N,Y,N,N,N,N,N,N,2
231021_C3H_Ku_144_e2_het,HET,C3H,N,N,N,N,N,Y,N,N,N,N,N,N,2
231021_C3H_Ku_144_e3_het,HET,C3H,N,N,N,N,N,Y,N,N,N,N,N,N,2
231021_C3H_Ku_144_e4_wt,WT,C3H,N,N,N,N,N,N,N,N,N,N,N,N,2
231021_C3H_Ku_144_e5_het,HET,C3H,N,N,N,N,N,N,N,N,N,N,N,N,2
231021_C3H_Ku_144_e6_het,HET,C3H,N,N,N,Y,N,N,N,N,N,N,N,N,2
231024_BL6_Ku_20_e10_wt,WT,C57BL6,N,N,N,N,N,N,N,N,N,N,N,N,2
231024_BL6_Ku_20_e1_wt,WT,C57BL6,N,N,N,N,N,N,N,N,N,N,N,N,2
231024_BL6_Ku_20_e2_wt,WT,C57BL6,N,N,N,N,N,N,N,N,N,N,N,N,2
231024_BL6_Ku_20_e3_het,HET,C57BL6,N,N,N,N,N,N,N,N,N,N,N,N,2
231024_BL6_Ku_20_e4_wt,WT,C57BL6,N,N,N,N,N,N,N,N,N,N,N,N,2
231024_BL6_Ku_20_e5_het,HET,C57BL6,N,N,N,N,N,N,N,N,N,N,N,N,2
231024_BL6_Ku_20_e6_wt,WT,C57BL6,N,N,N,N,N,N,N,N,N,N,N,N,2
231024_BL6_Ku_20_e7_het,HET,C57BL6,N,N,N,N,N,N,N,N,N,N,N,N,2
231024_BL6_Ku_20_e8_wt,WT,C57BL6,N,N,N,N,N,N,N,N,N,N,N,N,2
231024_BL6_Ku_20_e9_het,HET,C57BL6,N,N,N,N,N,N,N,N,N,N,N,N,2
231024_BL6_Ku_93_e1_het,HET,C57BL6,N,N,N,N,N,N,N,N,N,N,N,N,2
231024_BL6_Ku_93_e3_het,HET,C57BL6,N,N,N,N,N,N,N,N,N,N,N,N,2
231024_BL6_Ku_93_e4_wt,WT,C57BL6,N,N,N,N,N,N,N,N,N,N,N,N,2
231024_BL6_Ku_93_e5_wt,WT,C57BL6,N,N,N,N,N,N,N,N,N,N,N,N,2
231024_BL6_Ku_93_e6_het,HET,C57BL6,Y,N,Right,Y,Y,N,N,N,N,N,N,N,2
231024_BL6_Ku_93_e7_het,HET,C57BL6,N,N,N,N,N,N,N,N,N,N,N,N,2
231024_BL6_Ku_93_e8_het,HET,C57BL6,Y,N,Left,N,N,N,N,N,N,N,N,N,2
231024_BL6_Ku_93_e9_wt,WT,C57BL6,N,N,N,N,N,N,N,N,N,N,N,N,2
231025_BL6_Ku_86_e10_het,HET,C57BL6,N,N,N,N,N,N,N,N,N,N,N,N,2
231025_BL6_Ku_86_e11_het,HET,C57BL6,N,N,N,N,N,N,N,N,N,N,N,N,2
231025_BL6_Ku_86_e1_het,HET,C57BL6,N,N,N,N,N,N,N,N,N,N,N,N,2
231025_BL6_Ku_86_e2_wt,WT,C57BL6,N,N,N,N,N,N,N,N,N,N,N,N,2
231025_BL6_Ku_86_e3_wt,WT,C57BL6,N,N,N,N,N,Y,N,N,N,N,N,N,2
231025_BL6_Ku_86_e4_wt,WT,C57BL6,N,N,N,N,N,N,N,N,N,N,N,N,2
231025_BL6_Ku_86_e5_wt,WT,C57BL6,N,N,N,N,N,N,N,N,N,N,N,N,2
231025_BL6_Ku_86_e6_het,HET,C57BL6,N,N,N,N,N,N,N,N,N,N,N,N,2
231025_BL6_Ku_86_e7_wt,WT,C57BL6,N,N,N,N,N,N,N,N,N,N,N,N,2
231025_BL6_Ku_86_e8_wt,WT,C57BL6,N,N,N,N,N,N,N,N,N,N,N,N,2
231025_BL6_Ku_86_e9_het,HET,C57BL6,N,N,N,N,N,Y,N,N,N,N,N,N,2
231025_BL6_Ku_88_e1_het,HET,C57BL6,N,N,N,N,N,N,N,Y,N,N,N,N,2
231025_BL6_Ku_88_e2_wt,WT,C57BL6,N,N,N,N,N,N,N,N,N,N,N,N,2
231025_BL6_Ku_88_e3_het,HET,C57BL6,N,Y,Left,N,N,Y,N,N,N,Y,N,N,2
231025_BL6_Ku_88_e4_wt,WT,C57BL6,N,N,N,N,N,N,N,N,N,N,N,N,2
231025_BL6_Ku_88_e5_wt,WT,C57BL6,N,N,N,N,N,N,N,N,N,N,N,N,2
231025_BL6_Ku_88_e6_het,HET,C57BL6,Y,N,Right,N,N,N,N,N,N,N,N,N,2
231025_BL6_Ku_88_e7_wt,WT,C57BL6,N,N,N,N,N,N,N,N,N,N,N,N,2
231025_BL6_Ku_88_e8_wt,WT,C57BL6,N,N,N,N,N,N,N,N,N,N,N,N,2
231025_BL6_Ku_88_e9_wt,WT,C57BL6,N,N,N,N,N,N,N,N,N,N,N,N,2
231029_C3H_Ku_22_e3_wt,WT,C3H,N,N,N,N,N,N,N,N,N,N,N,N,2
231029_C3H_Ku_22_e4_wt,WT,C3H,N,N,N,N,N,N,N,N,N,N,N,N,2
231029_C3H_Ku_22_e5_het,HET,C3H,N,N,N,N,Y,N,N,N,N,N,N,N,2
231029_C3H_Ku_22_e6_het,HET,C3H,N,N,N,N,Y,N,N,N,N,N,N,N,2
231029_C3H_Ku_22_e8_het,HET,C3H,N,N,N,N,N,N,N,N,N,N,N,N,2
231110_BL6_Ku_104_e10_het,HET,C57BL6,N,N,N,N,N,N,N,N,N,N,N,N,2
231110_BL6_Ku_104_e1_het,HET,C57BL6,N,N,N,N,N,N,N,N,N,N,N,N,2
231110_BL6_Ku_104_e2_wt,WT,C57BL6,N,N,N,N,N,N,N,N,N,N,N,N,2
231110_BL6_Ku_104_e3_wt,WT,C57BL6,N,N,N,N,N,N,N,N,N,N,N,N,2
231110_BL6_Ku_104_e4_wt,WT,C57BL6,N,N,N,N,N,N,N,N,N,N,N,N,2
231110_BL6_Ku_104_e5_wt,WT,C57BL6,N,N,N,N,N,N,N,N,N,N,N,N,2
231110_BL6_Ku_104_e6_wt,WT,C57BL6,N,N,N,N,N,N,N,N,N,N,N,N,2
231110_BL6_Ku_104_e7_wt,WT,C57BL6,N,N,N,N,N,N,N,N,N,N,N,N,2
231110_BL6_Ku_104_e8_het,HET,C57BL6,N,N,N,N,N,N,N,N,N,N,N,N,2
231110_BL6_Ku_104_e9_het,HET,C57BL6,N,N,N,N,N,N,N,N,N,N,N,N,2
231110_BL6_Ku_204_e10_wt,WT,C57BL6,N,N,N,N,N,N,N,N,N,N,N,N,2
231110_BL6_Ku_204_e1_het,HET,C57BL6,N,N,N,N,N,Y,N,N,N,N,N,N,2
231110_BL6_Ku_204_e2_wt,WT,C57BL6,N,N,N,N,N,N,N,N,N,N,N,N,2
231110_BL6_Ku_204_e3_wt,WT,C57BL6,N,N,N,N,N,N,N,N,N,N,N,N,2
231110_BL6_Ku_204_e4_het,HET,C57BL6,Y,N,Left,N,N,N,N,N,N,Y,N,N,2
231110_BL6_Ku_204_e5_wt,WT,C57BL6,N,N,N,N,N,Y,N,N,N,N,N,N,2
231110_BL6_Ku_204_e6_het,HET,C57BL6,N,N,N,N,N,N,N,N,N,N,N,N,2
231110_BL6_Ku_204_e7_wt,WT,C57BL6,N,N,N,N,N,N,N,N,N,N,N,N,2
231110_BL6_Ku_204_e8_het,HET,C57BL6,N,N,N,N,N,N,N,N,N,N,N,N,2
231110_BL6_Ku_204_e9_wt,WT,C57BL6,N,N,N,N,N,N,N,N,N,N,N,N,2
231116_BL6_Ku_94_e1_het,HET,C57BL6,N,Y,Right,Y,N,Y,N,N,N,N,N,N,2
231116_BL6_Ku_94_e2_wt,WT,C57BL6,N,N,N,N,N,N,N,N,N,N,N,N,2
231116_BL6_Ku_94_e3_wt,WT,C57BL6,N,N,N,N,N,N,N,N,N,N,N,N,2
231116_BL6_Ku_94_e4_wt,WT,C57BL6,N,N,N,N,N,N,N,N,N,N,N,N,2
231116_BL6_Ku_94_e5_het,HET,C57BL6,N,N,N,N,N,N,N,N,N,N,N,N,2
231116_BL6_Ku_94_e6_wt,WT,C57BL6,N,N,N,N,N,N,N,N,N,N,N,N,2
231116_BL6_Ku_94_e7_wt,WT,C57BL6,N,N,N,N,N,N,N,N,N,N,N,N,2
231124_BL6_Ku_52_e1_het,HET,C57BL6,N,N,N,N,N,N,N,N,N,N,N,N,2
231124_BL6_Ku_52_e2_het,HET,C57BL6,N,N,N,N,N,N,N,N,N,N,N,N,2
231124_BL6_Ku_52_e3_wt,WT,C57BL6,N,N,N,N,N,N,N,N,N,N,N,N,2
231124_BL6_Ku_52_e4_het,HET,C57BL6,N,N,N,N,N,N,N,N,N,N,N,N,2
231124_BL6_Ku_52_e5_het,HET,C57BL6,N,N,N,N,N,Y,N,N,N,N,N,N,2
231124_BL6_Ku_52_e6_wt,WT,C57BL6,N,N,N,N,N,N,N,N,N,N,N,N,2
231124_BL6_Ku_53_e1_het,HET,C57BL6,N,N,N,N,N,N,N,N,N,N,N,N,2
231124_BL6_Ku_53_e2_het,HET,C57BL6,N,N,N,N,N,N,N,N,N,N,N,N,2
231124_BL6_Ku_53_e3_wt,WT,C57BL6,N,N,N,N,N,N,N,N,N,N,N,N,2
231124_BL6_Ku_53_e4_het,HET,C57BL6,N,N,N,N,N,N,N,N,N,N,N,N,2
231124_BL6_Ku_53_e5_het,HET,C57BL6,N,N,N,N,N,N,N,N,N,N,N,N,2
231124_BL6_Ku_53_e6_het,HET,C57BL6,N,N,N,N,N,N,N,N,N,N,N,N,2
231124_BL6_Ku_53_e7_wt,WT,C57BL6,N,N,N,N,N,N,N,N,N,N,N,N,2
231128_BL6_Ku_54_e1_wt,WT,C57BL6,N,N,N,N,N,N,N,N,N,N,N,N,2
231128_BL6_Ku_54_e2_het,HET,C57BL6,N,N,N,N,N,N,N,N,N,N,N,N,2
231128_BL6_Ku_54_e3_wt,WT,C57BL6,N,N,N,N,N,N,N,N,N,N,N,N,2
231128_BL6_Ku_54_e4_het,HET,C57BL6,N,N,N,N,Y,N,N,N,N,N,N,N,2
231128_BL6_Ku_54_e5_wt,WT,C57BL6,N,N,N,N,N,N,N,N,N,N,N,N,2
231128_BL6_Ku_54_e6_het,HET,C57BL6,N,N,N,N,N,N,N,N,N,N,N,N,2
231128_BL6_Ku_54_e7_wt,WT,C57BL6,N,N,N,N,N,N,N,N,N,N,N,N,2
231128_BL6_Ku_54_e8_het,HET,C57BL6,N,N,N,N,N,N,N,N,N,N,N,N,2
231128_BL6_Ku_54_e9_het,HET,C57BL6,N,N,N,N,N,N,N,N,N,N,N,N,2
231128_BL6_Ku_74_e10_het,HET,C57BL6,N,N,N,N,N,N,N,N,N,N,N,N,2
231128_BL6_Ku_74_e1_het,HET,C57BL6,N,N,N,N,N,N,N,N,N,N,N,N,2
231128_BL6_Ku_74_e2_wt,WT,C57BL6,N,N,N,N,N,N,N,N,N,N,N,N,2
231128_BL6_Ku_74_e3_wt,WT,C57BL6,N,N,N,N,N,N,N,N,N,N,N,N,2
231128_BL6_Ku_74_e4_wt,WT,C57BL6,N,N,N,N,N,N,N,N,N,N,N,N,2
231128_BL6_Ku_74_e5_het,HET,C57BL6,N,N,N,N,Y,N,N,N,N,N,N,N,2
231128_BL6_Ku_74_e6_wt,WT,C57BL6,N,N,N,N,N,N,N,N,N,N,N,N,2
231128_BL6_Ku_74_e7_wt,WT,C57BL6,N,N,N,N,N,N,N,N,N,N,N,N,2
231128_BL6_Ku_74_e8_wt,WT,C57BL6,N,N,N,N,N,N,N,N,N,N,N,N,2
231128_BL6_Ku_74_e9_wt,WT,C57BL6,N,N,N,N,N,N,N,N,N,N,N,N,2
231129_BL6_Ku_108_e10_het,HET,C57BL6,N,N,N,N,N,N,N,N,N,N,N,N,2
231129_BL6_Ku_108_e1_het,HET,C57BL6,N,N,N,N,N,N,N,N,N,N,N,N,2
231129_BL6_Ku_108_e2_wt,WT,C57BL6,N,N,N,N,N,N,N,N,N,N,N,N,2
231129_BL6_Ku_108_e3_het,HET,C57BL6,N,N,N,N,N,N,N,N,N,N,N,N,2
231129_BL6_Ku_108_e4_wt,WT,C57BL6,N,N,N,N,N,N,N,N,N,N,N,N,2
231129_BL6_Ku_108_e5_wt,WT,C57BL6,N,N,N,N,N,N,N,N,N,N,N,N,2
231129_BL6_Ku_108_e6_het,HET,C57BL6,N,N,N,N,N,N,N,N,N,N,N,N,2
231129_BL6_Ku_108_e7_wt,WT,C57BL6,N,N,N,N,N,N,N,N,N,N,N,N,2
231129_BL6_Ku_108_e8_wt,WT,C57BL6,N,N,N,N,N,N,N,N,N,N,N,N,2
231129_BL6_Ku_108_e9_wt,WT,C57BL6,N,N,N,N,N,N,N,N,N,N,N,N,2
231129_BL6_Ku_83_e1_het,HET,C57BL6,N,N,N,N,N,N,N,N,N,N,N,N,2
231129_BL6_Ku_83_e2_het,HET,C57BL6,N,N,N,N,Y,N,N,N,N,N,N,N,2
231129_BL6_Ku_83_e3_het,HET,C57BL6,N,N,N,N,N,N,N,N,N,N,N,N,2
231129_BL6_Ku_83_e4_wt,WT,C57BL6,N,N,N,N,N,N,N,N,N,N,N,N,2
231129_BL6_Ku_83_e5_het,HET,C57BL6,N,N,N,N,N,N,N,N,N,N,N,N,2
231129_BL6_Ku_83_e6_wt,WT,C57BL6,N,N,N,N,N,N,N,N,N,N,N,N,2
231129_BL6_Ku_83_e7_het,HET,C57BL6,N,N,N,N,N,N,N,N,N,N,N,N,2
231201_C3H_Ku_33_e1_het,HET,C3H,N,N,N,N,N,N,N,N,N,N,N,N,2
231201_C3H_Ku_33_e2_wt,WT,C3H,N,N,N,N,N,N,N,N,N,N,N,N,2
231201_C3H_Ku_33_e3_wt,WT,C3H,N,N,N,N,N,N,N,N,N,N,N,N,2
231201_C3H_Ku_33_e4_wt,WT,C3H,N,N,N,N,N,N,N,N,N,N,N,N,2
231201_C3H_Ku_33_e5_wt,WT,C3H,N,N,N,N,N,N,N,N,N,N,N,N,2
231201_C3H_Ku_33_e6_het,HET,C3H,N,N,N,Y,N,N,N,N,N,N,N,N,2
231201_C3H_Ku_33_e7_het,HET,C3H,N,N,N,N,N,N,N,N,N,N,N,N,2
231201_C3H_Ku_33_e8_het,HET,C3H,N,N,N,N,N,N,N,N,N,N,N,N,2
231201_C3H_Ku_33_e9_wt,WT,C3H,N,N,N,N,N,N,N,N,N,N,N,N,2
231205_BL6_Ku_15_e1_wt,WT,C57BL6,N,N,N,N,N,N,N,N,N,N,N,N,2
231205_BL6_Ku_15_e2_het,HET,C57BL6,N,N,N,N,N,N,N,N,N,N,N,N,2
231205_BL6_Ku_15_e3_wt,WT,C57BL6,N,N,N,N,N,N,N,N,N,N,N,N,2
231205_BL6_Ku_15_e4_wt,WT,C57BL6,N,N,N,N,N,N,N,N,N,N,N,N,2
231205_BL6_Ku_15_e5_wt,WT,C57BL6,N,N,N,N,N,N,N,N,N,N,N,N,2
231205_BL6_Ku_15_e6_het,HET,C57BL6,N,N,N,N,N,N,N,N,N,N,N,N,2
231205_BL6_Ku_15_e7_het,HET,C57BL6,N,N,N,N,Y,N,N,N,N,N,N,N,2
231207_C3H_Ku_58_e2_wt,WT,C3H,N,N,N,N,N,N,N,N,N,N,N,N,2
231207_C3H_Ku_58_e3_het,HET,C3H,N,N,N,Y,N,N,N,N,N,N,N,N,2
231207_C3H_Ku_58_e4_wt,WT,C3H,N,N,N,N,N,N,N,N,N,N,N,N,2
231207_C3H_Ku_58_e5_het,HET,C3H,N,N,N,N,N,N,N,N,N,N,N,N,2
231207_C3H_Ku_58_e6_wt,WT,C3H,N,N,N,N,N,N,N,N,N,N,N,N,2
231207_C3H_Ku_58_e7_wt,WT,C3H,N,N,N,N,N,N,N,N,N,N,N,N,2
231207_C3H_Ku_58_e8_het,HET,C3H,N,N,N,N,N,N,N,N,N,N,N,N,2
231207_C3H_Ku_58_e9_wt,WT,C3H,N,N,N,N,N,N,N,N,N,N,N,N,2
231208_BL6_Ku_100_e1_wt,HET,C57BL6,Y,N,Left,N,N,N,N,N,N,Y,N,N,2
231208_BL6_Ku_100_e2_het,HET,C57BL6,N,N,N,N,N,N,N,N,N,N,N,N,2
231208_BL6_Ku_100_e3_wt,WT,C57BL6,N,N,N,N,N,N,N,N,N,N,N,N,2
231208_BL6_Ku_100_e4_het,HET,C57BL6,N,N,N,N,Y,N,N,N,N,N,N,N,2
231208_BL6_Ku_100_e5_wt,WT,C57BL6,N,N,N,N,N,N,N,N,N,N,N,N,2
231208_BL6_Ku_100_e6_het,HET,C57BL6,N,N,N,N,N,N,N,N,N,N,N,N,2
231208_BL6_Ku_100_e7_het,HET,C57BL6,N,N,N,N,N,N,N,N,N,N,N,N,2
231208_BL6_Ku_100_e8_wt,WT,C57BL6,N,N,N,N,N,N,N,N,N,N,N,N,2
231208_BL6_Ku_100_e9_het,HET,C57BL6,N,N,N,N,N,N,N,N,N,N,N,N,2
231208_BL6_Ku_92_e1_het,HET,C57BL6,N,N,N,N,N,N,N,N,N,N,N,N,2
231208_BL6_Ku_92_e2_het,HET,C57BL6,N,N,N,N,N,N,N,N,N,N,N,N,2
231208_BL6_Ku_92_e3_het,HET,C57BL6,N,N,N,N,N,N,Y,N,Y,N,N,Y,2
231208_BL6_Ku_92_e4_het,HET,C57BL6,N,N,N,N,N,N,N,N,N,N,N,N,2
231208_BL6_Ku_92_e5_het,HET,C57BL6,N,N,N,N,N,N,N,N,N,N,N,N,2
231208_BL6_Ku_92_e6_het,WT,C57BL6,N,N,N,N,N,N,N,N,N,N,N,N,2
231208_C3H_Ku_50_e1_het,HET,C3H,N,N,N,N,Y,N,N,N,N,N,N,N,2
231208_C3H_Ku_50_e2_het,HET,C3H,N,N,N,N,Y,N,N,N,N,N,N,N,2
231208_C3H_Ku_50_e3_het,HET,C3H,N,N,N,N,N,N,N,N,N,N,N,N,2
231208_C3H_Ku_50_e4_wt,WT,C3H,N,N,N,N,N,N,N,N,N,N,N,N,2
231208_C3H_Ku_50_e5_wt,WT,C3H,N,N,N,N,N,N,N,N,N,N,N,N,2
231208_C3H_Ku_50_e6_wt,WT,C3H,N,N,N,N,N,N,N,N,N,N,N,N,2
231208_C3H_Ku_50_e7_wt,WT,C3H,N,N,N,N,N,N,N,N,N,N,N,N,2
231208_C3H_Ku_50_e8_het,HET,C3H,N,N,N,N,N,N,N,N,N,N,N,N,2
231215_C3H_Ku_1_e10_het,HET,C3H,N,N,N,N,N,N,N,N,N,N,N,N,2
231215_C3H_Ku_1_e1_wt,WT,C3H,N,N,N,N,N,N,N,N,N,N,N,N,2
231215_C3H_Ku_1_e2_het,HET,C3H,N,N,N,Y,Y,N,N,N,N,N,N,N,2
231215_C3H_Ku_1_e3_wt,WT,C3H,N,N,N,N,N,N,N,N,N,N,N,N,2
231215_C3H_Ku_1_e4_wt,WT,C3H,N,N,N,N,N,N,N,N,N,N,N,N,2
231215_C3H_Ku_1_e5_wt,WT,C3H,N,N,N,N,N,N,N,N,N,N,N,N,2
231215_C3H_Ku_1_e6,NA,C3H,N,N,N,N,N,Y,N,N,N,N,N,N,2
231215_C3H_Ku_1_e7_het,HET,C3H,N,N,N,Y,N,N,N,N,N,N,N,N,2
231215_C3H_Ku_1_e8_het,HET,C3H,N,N,N,N,N,N,N,N,N,N,N,N,2
231215_C3H_Ku_1_e9_het,HET,C3H,N,N,N,N,N,N,N,N,N,N,N,N,2
BL6_22299_e2,WT,C57BL6,N,N,N,N,N,N,N,N,N,N,N,N,2
BL6_22299_e5,WT,C57BL6,N,N,N,N,N,N,N,N,N,N,N,N,2
BL6_22299_e6,WT,C57BL6,N,N,N,N,N,N,N,N,N,N,N,N,2
231024_BL6_Ku_93_e2_het,HET,C57BL6,N,N,N,N,N,N,N,N,N,N,N,N,3
211219_Ku_C3H_58_e1_wt,WT,C3H,N,N,N,N,N,Y,N,N,N,N,N,N,2
211219_Ku_C3H_58_e2_het,HET,C3H,N,N,N,N,N,Y,N,N,N,N,N,N,2
211219_Ku_C3H_58_e3_het,HET,C3H,N,N,N,N,N,Y,N,N,N,N,N,N,2
211219_Ku_C3H_58_e5_het,HET,C3H,N,N,N,N,N,Y,N,N,N,N,N,N,2
211219_Ku_C3H_58_e6_het,HET,C3H,N,N,N,N,N,Y,N,N,N,N,N,N,2
211219_Ku_C3H_99_e5_het,HET,C3H,N,N,N,N,N,N,N,N,N,N,N,N,1
211219_Ku_C3H_99_e1_wt,WT,C3H,N,N,N,N,N,N,N,N,N,N,N,N,1
211219_Ku_C3H_99_e2_wt,WT,C3H,N,N,N,N,N,N,N,N,N,N,N,N,1
211219_Ku_C3H_99_e3_het,HET,C3H,N,N,N,N,N,N,N,N,N,N,N,N,1
211219_Ku_C3H_99_e4_wt,WT,C3H,N,N,N,N,N,N,N,N,N,N,N,N,1
231012_C3H_Ku_134_e1_wt,WT,C3H,N,N,N,N,N,N,N,N,N,N,N,N,1
231012_C3H_Ku_134_e2_het,HET,C3H,N,N,N,N,N,N,N,N,N,N,N,N,2
231012_C3H_Ku_134_e3_wt,WT,C3H,N,N,N,N,N,N,N,N,N,N,N,N,2
231012_C3H_Ku_134_e4_wt,WT,C3H,N,N,N,N,N,N,N,N,N,N,N,N,2
231012_C3H_Ku_134_e5_wt,WT,C3H,N,N,N,N,N,N,N,N,N,N,N,N,2
231012_C3H_Ku_134_e6_het,HET,C3H,N,N,N,N,N,Y,N,N,N,N,N,N,2
231012_C3H_Ku_134_e7_het,HET,C3H,N,N,N,N,N,N,N,N,N,N,N,N,2
231012_C3H_Ku_134_e8_wt,WT,C3H,N,N,N,N,N,N,N,N,N,N,N,N,2
231018_BL6_Ku_78_e1_het,HET,C57BL6,N,N,N,N,N,N,N,N,N,N,N,N,2
231018_BL6_Ku_78_e2_wt,WT,C57BL6,N,N,N,N,N,N,N,N,N,N,N,N,2
231018_BL6_Ku_78_e3_het,HET,C57BL6,N,N,N,N,N,N,N,N,N,N,N,N,2
231018_C3H_Ku_32_e1_wt,WT,C3H,N,N,N,N,N,N,N,N,N,N,N,N,<1
231020_C3H_Ku_160_e1_het,HET,C3H,N,N,N,N,N,N,N,N,N,N,N,N,2
231020_C3H_Ku_160_e2_wt,WT,C3H,N,N,N,N,N,N,N,N,N,N,N,N,2
231020_C3H_Ku_160_e3_het,HET,C3H,N,N,N,N,N,N,N,N,N,N,N,N,2
231020_C3H_Ku_160_e4_wt,WT,C3H,N,N,N,N,N,N,N,N,N,N,N,N,2
231021_C3H_Ku_33_e1_het,HET,C3H,N,N,N,N,N,N,N,N,N,N,N,N,2
231021_C3H_Ku_33_e2_wt,WT,C3H,N,N,N,N,N,N,N,N,N,N,N,N,2
231021_C3H_Ku_33_e3_het,HET,C3H,N,N,N,N,Y,N,N,N,N,N,N,N,2
231021_C3H_Ku_33_e4_het,HET,C3H,N,N,N,N,N,N,N,N,N,N,N,N,2
231021_C3H_Ku_33_e5_het,HET,C3H,N,N,N,N,N,N,N,N,N,N,N,N,2
231021_C3H_Ku_33_e6_het,HET,C3H,N,N,N,Y,Y,N,N,N,N,N,N,N,2
231021_C3H_Ku_33_e7_wt,WT,C3H,N,N,N,N,N,N,N,N,N,N,N,N,2
231021_C3H_Ku_33_e8_wt,WT,C3H,N,N,N,N,N,N,N,N,N,N,N,N,2
231021_C3H_Ku_33_e9_wt,WT,C3H,N,N,N,N,N,N,N,N,N,N,N,N,<1
231024_C3H_Ku_1_e1_het,HET,C3H,N,N,N,Y,Y,N,N,N,N,N,N,N,2
231024_C3H_Ku_1_e2_wt,WT,C3H,N,N,N,N,N,N,N,N,N,N,N,N,2
231024_C3H_Ku_1_e3_het,HET,C3H,N,N,N,N,N,N,N,N,N,N,N,N,2
231024_C3H_Ku_1_e4_het,HET,C3H,N,N,N,N,N,N,N,N,N,N,N,N,2
231024_C3H_Ku_1_e5_het,HET,C3H,N,N,N,N,N,N,N,N,N,N,N,N,2
231024_C3H_Ku_1_e6_het,HET,C3H,N,N,N,N,N,N,N,N,N,N,N,N,2
231024_C3H_Ku_1_e7_wt,WT,C3H,N,N,N,N,N,N,N,N,N,N,N,N,2
231024_C3H_Ku_1_e8_wt,WT,C3H,N,N,N,N,N,Y,N,N,N,N,N,N,2
231029_C3H_Ku_22_e1_wt,WT,C3H,N,N,N,N,N,N,N,N,N,N,N,N,2
231029_C3H_Ku_22_e2_wt,WT,C3H,N,N,N,N,N,Y,N,N,N,N,N,N,2
231124_BL6_Ku_53_e8_het,HET,C57BL6,N,N,N,N,N,N,N,N,N,N,N,N,<1
231214_C3H_Ku_19_e1_wt,WT,C3H,N,N,N,N,N,N,N,N,N,N,N,N,2
231214_C3H_Ku_19_e2_wt,WT,C3H,N,N,N,N,N,N,N,N,N,N,N,N,2
231214_C3H_Ku_87_e10_het,HET,C3H,N,N,N,N,N,N,N,N,N,N,N,N,1
231214_C3H_Ku_87_e11_wt,WT,C3H,N,N,N,N,N,N,N,N,N,N,N,N,<1
231214_C3H_Ku_87_e1_wt,WT,C3H,N,N,N,N,N,N,N,N,N,N,N,N,2
231214_C3H_Ku_87_e2_wt,WT,C3H,N,N,N,N,N,N,N,N,N,N,N,N,1
231214_C3H_Ku_87_e3_het,HET,C3H,N,N,N,N,N,N,N,N,N,N,N,N,2
231214_C3H_Ku_87_e4_wt,WT,C3H,N,N,N,N,N,Y,N,N,N,N,N,N,2
231214_C3H_Ku_87_e5_wt,WT,C3H,N,N,N,N,N,Y,N,N,N,N,N,N,2
231214_C3H_Ku_87_e6_het,HET,C3H,N,N,N,Y,Y,N,N,N,N,N,N,N,2
231214_C3H_Ku_87_e7_wt,WT,C3H,N,N,N,N,N,N,N,N,N,N,N,N,2
231214_C3H_Ku_87_e8_wt,WT,C3H,N,N,N,N,N,N,N,N,N,N,N,N,2
231214_C3H_Ku_87_e9_wt,WT,C3H,N,N,N,N,N,N,N,N,N,N,N,N,2
231215_C3H_Ku_41_e1_het,HET,C3H,N,N,N,N,N,Y,N,N,N,N,N,N,1
240327_BL6_153_e1_het,HET,C57BL6,N,N,N,N,N,N,N,N,N,N,N,N,2
240327_BL6_153_e2_wt,WT,C57BL6,N,N,N,N,N,N,N,N,N,N,N,N,2
240327_BL6_153_e3_het,HET,C57BL6,N,N,N,N,N,N,N,N,N,N,N,N,2
240327_BL6_153_e4_het,HET,C57BL6,N,N,N,N,N,N,Y,N,Y,N,N,N,2
240327_BL6_153_e5_wt,WT,C57BL6,N,N,N,N,N,N,N,N,N,N,N,N,2
240327_BL6_153_e6_het,HET,C57BL6,N,N,N,N,N,N,N,N,N,N,N,N,2
240327_BL6_153_e7_wt,WT,C57BL6,N,N,N,N,N,N,N,N,N,N,N,N,2
240327_BL6_174_e2_het,HET,C57BL6,Y,Y,both,N,N,N,Y,N,Y,N,N,N,2
240327_BL6_174_e3_wt,WT,C57BL6,N,N,N,N,N,N,N,N,N,N,N,N,2
240327_BL6_174_e5_wt,WT,C57BL6,N,N,N,N,N,N,N,N,N,N,N,N,2
240327_BL6_174_e8_wt,WT,C57BL6,N,N,N,N,N,N,N,N,N,N,N,N,2
240327_BL6_174_e9_het,HET,C57BL6,N,N,N,N,Y,N,N,N,N,N,N,N,2
240308_BL6_164_e1_wt,WT,C57BL6,Y,N,Right,N,N,N,N,N,N,N,N,N,2
240308_BL6_164_e2_het,HET,C57BL6,N,N,N,N,N,N,N,N,N,N,N,N,1
240308_BL6_164_e3_wt,WT,C57BL6,N,N,N,N,N,N,N,N,N,N,N,N,2
240308_BL6_164_e4_wt,WT,C57BL6,N,N,N,N,N,N,N,N,N,N,N,N,2
240308_BL6_164_e5_het,HET,C57BL6,Y,N,Right,N,N,N,N,N,N,Y,N,N,1
240308_BL6_164_e6_het,HET,C57BL6,N,N,N,N,N,N,N,N,N,N,N,N,2
240308_BL6_164_e7_het,HET,C57BL6,N,N,N,Y,Y,N,N,N,N,N,N,N,2
240407_BL6_188_e1_het,HET,C57BL6,N,N,N,N,N,N,N,N,N,N,N,N,2
240407_BL6_188_e2_het,HET,C57BL6,N,N,N,N,N,N,N,N,N,N,N,N,2
240407_BL6_188_e3_wt,WT,C57BL6,N,N,N,N,N,N,N,N,N,N,N,N,2
240407_BL6_188_e4_het,HET,C57BL6,N,N,N,N,N,N,N,N,N,N,N,N,2
240407_BL6_188_e5_het,HET,C57BL6,Y,N,left,N,N,N,N,N,N,Y,N,N,2
240407_BL6_188_e6_wt,WT,C57BL6,N,N,N,N,N,N,N,N,N,N,N,N,2
240407_BL6_188_e7_het,HET,C57BL6,N,N,N,Y,Y,N,N,N,N,N,N,N,2
240407_BL6_188_e8_wt,WT,C57BL6,N,N,N,N,N,N,N,N,N,N,N,N,2
240407_BL6_188_e9_wt,WT,C57BL6,N,N,N,N,N,N,N,N,N,N,N,N,2
240228_BL6_Ku_147_e1_wt,WT,C57BL6,N,N,N,N,N,N,N,N,N,N,N,N,1
240228_BL6_Ku_147_e2_wt,WT,C57BL6,N,N,N,N,N,N,N,N,N,N,N,N,1
240228_BL6_Ku_147_e3_het,HET,C57BL6,N,N,N,N,N,N,N,N,N,N,N,N,1
240228_BL6_Ku_147_e4_wt,WT,C57BL6,N,N,N,N,N,N,N,N,N,N,N,N,1
240228_BL6_Ku_147_e5_wt,WT,C57BL6,N,N,N,N,N,N,N,N,N,N,N,N,1
240228_BL6_Ku_147_e6_het,HET,C57BL6,N,N,N,N,N,N,N,N,N,N,N,N,2
240301_BL6_Ku_162_e1_het,HET,C57BL6,N,N,N,N,N,N,N,N,N,N,N,N,3
240301_BL6_Ku_162_e2_wt,WT,C57BL6,N,N,N,N,N,N,N,N,N,N,N,N,3
240301_BL6_Ku_162_e3_het,HET,C57BL6,N,N,N,N,N,N,N,N,N,N,N,N,3
240301_BL6_Ku_162_e4_wt,WT,C57BL6,N,N,N,N,N,N,N,N,N,N,N,N,3
240301_BL6_Ku_162_e5_wt,WT,C57BL6,N,N,N,N,N,N,N,N,N,N,N,N,3
240301_BL6_Ku_162_e6_het,HET,C57BL6,N,N,N,N,N,N,N,N,N,N,N,N,2
240301_BL6_Ku_162_e7_wt,WT,C57BL6,N,N,N,N,N,N,N,N,N,N,N,N,3
240301_BL6_Ku_163_e1_het,HET,C57BL6,N,N,N,N,N,N,N,N,N,N,N,N,3
240301_BL6_Ku_163_e2_wt,WT,C57BL6,N,N,N,N,N,N,N,N,N,N,N,N,3
240301_BL6_Ku_163_e3_het,HET,C57BL6,N,N,N,N,N,N,N,N,N,N,N,N,3
240301_BL6_Ku_163_e4_het,HET,C57BL6,N,N,N,N,N,N,N,N,N,N,N,N,3
240301_BL6_Ku_163_e5_wt,WT,C57BL6,N,N,N,N,N,N,N,N,N,N,N,N,3
240301_BL6_Ku_163_e6_het,HET,C57BL6,N,N,N,N,N,N,N,N,N,N,N,N,3
240306_BL6_Ku_173_e1_het,HET,C57BL6,N,N,N,N,N,N,N,N,N,N,N,N,2
240306_BL6_Ku_173_e2_het,HET,C57BL6,N,N,N,N,N,N,N,N,N,N,N,N,2
240306_BL6_Ku_173_e3_wt,WT,C57BL6,N,N,N,N,N,N,N,N,N,N,N,N,2
240306_BL6_Ku_173_e4_het,HET,C57BL6,N,N,N,N,N,N,N,N,N,N,N,N,2
240306_BL6_Ku_173_e5_het,HET,C57BL6,Y,N,Right,N,N,N,N,N,N,N,N,N,1
240306_BL6_Ku_173_e6_wt,WT,C57BL6,N,N,N,N,N,N,N,N,N,N,N,N,2
240306_BL6_Ku_173_e7_het,HET,C57BL6,N,N,N,N,N,N,N,N,N,N,N,N,2
240307_BL6_Ku_176_e1_wt,WT,C57BL6,N,N,N,N,N,N,N,N,N,N,N,N,2
240307_BL6_Ku_176_e2_wt,WT,C57BL6,N,N,N,N,N,N,N,N,N,N,N,N,2
240307_BL6_Ku_175_e1_het,HET,C57BL6,N,N,N,N,N,N,N,N,N,N,N,N,2
240307_BL6_Ku_175_e2_het,HET,C57BL6,N,N,N,N,N,N,N,N,N,N,N,N,2
240307_BL6_Ku_175_e3_wt,WT,C57BL6,N,N,N,N,N,N,N,N,N,N,N,N,2
240307_BL6_Ku_175_e4_het,HET,C57BL6,N,N,N,N,N,N,N,N,N,N,N,N,2
240307_BL6_Ku_175_e5_het,HET,C57BL6,N,N,N,N,N,N,N,N,N,N,N,N,2
240307_BL6_Ku_175_e6_wt,WT,C57BL6,N,N,N,N,N,N,N,N,N,N,N,N,2
240307_BL6_Ku_175_e7_het,HET,C57BL6,N,N,N,N,N,N,N,N,N,N,N,N,2
240307_BL6_Ku_175_e8_het,HET,C57BL6,N,N,N,N,N,N,N,N,N,N,N,N,2
240308_BL6_Ku_65_e1_wt,WT,C57BL6,N,N,N,N,N,N,N,N,N,N,N,N,2
240308_BL6_Ku_65_e2_het,HET,C57BL6,N,N,N,N,N,N,N,N,N,N,N,N,2
240308_BL6_Ku_65_e3_wt,WT,C57BL6,N,N,N,N,N,N,N,N,N,N,N,N,2
240308_BL6_Ku_65_e4_het,HET,C57BL6,N,N,N,N,Y,N,N,N,N,N,N,N,2
240308_BL6_Ku_65_e5_het,HET,C57BL6,N,N,N,N,N,N,N,N,N,N,N,N,2
240308_BL6_Ku_65_e6_het,HET,C57BL6,N,N,N,N,N,N,N,N,N,N,N,N,2
240308_BL6_Ku_65_e7_het,HET,C57BL6,N,N,N,N,N,N,N,N,N,N,N,N,2
240308_BL6_Ku_65_e8_wt,WT,C57BL6,N,N,N,N,N,N,N,N,N,N,N,N,2
240308_BL6_Ku_65_e9_het,HET,C57BL6,N,N,N,N,N,N,N,N,N,N,N,N,2
240308_BL6_Ku_65_e10_wt,WT,C57BL6,N,N,N,N,N,N,N,N,N,N,N,N,2
240313_BL6_Ku_56_e1_het,HET,C57BL6,Y,Y,Both,N,N,N,N,N,N,N,N,N,2
240313_BL6_Ku_56_e2_wt,WT,C57BL6,N,N,N,N,N,N,N,N,N,N,N,N,2
240313_BL6_Ku_56_e3_wt,WT,C57BL6,N,N,N,N,N,N,N,N,N,N,N,N,2
240313_BL6_Ku_56_e4_wt,WT,C57BL6,N,N,N,N,N,N,N,N,N,N,N,N,2
240313_BL6_Ku_56_e5_wt,WT,C57BL6,N,N,N,N,N,N,N,N,N,N,N,N,2
240313_BL6_Ku_56_e6_het,HET,C57BL6,N,N,N,N,N,N,N,N,N,N,N,N,2
240313_BL6_Ku_56_e7_wt,WT,C57BL6,N,N,N,N,N,N,N,N,N,N,N,N,2
240313_BL6_Ku_38_e1_wt,WT,C57BL6,N,N,N,N,N,N,N,N,N,N,N,N,2
240313_BL6_Ku_38_e2_wt,WT,C57BL6,N,N,N,N,N,N,N,N,N,N,N,N,2
240313_BL6_Ku_38_e3_wt,WT,C57BL6,N,N,N,N,N,N,N,N,N,N,N,N,2
240313_BL6_Ku_38_e4_wt,WT,C57BL6,N,N,N,N,N,N,N,N,N,N,N,N,2
240313_BL6_Ku_38_e5_wt,WT,C57BL6,N,N,N,N,N,N,N,N,N,N,N,N,2
240313_BL6_Ku_38_e6_wt,WT,C57BL6,N,N,N,N,N,N,N,N,N,N,N,N,2
240313_BL6_Ku_38_e7_wt,WT,C57BL6,N,N,N,N,N,N,N,N,N,N,N,N,2
240313_BL6_Ku_38_e8_wt,WT,C57BL6,N,N,N,N,N,N,N,N,N,N,N,N,2
240314_BL6_Ku_37_e1_het,HET,C57BL6,N,N,N,N,N,N,N,N,N,N,N,N,2
240314_BL6_Ku_37_e2_wt,WT,C57BL6,N,N,N,N,N,N,N,N,N,N,N,N,2
240314_BL6_Ku_37_e3_het,HET,C57BL6,N,N,N,N,N,N,N,N,N,N,N,N,2
240314_BL6_Ku_37_e4_wt,WT,C57BL6,N,N,N,N,N,N,N,N,N,N,N,N,2
240314_BL6_Ku_37_e5_wt,WT,C57BL6,N,N,N,N,N,N,N,N,N,N,N,N,2
240314_BL6_Ku_37_e6_wt,WT,C57BL6,N,N,N,N,N,N,N,N,N,N,N,N,2
240314_BL6_Ku_37_e7_het,HET,C57BL6,N,N,N,N,N,N,N,N,N,N,N,N,2
240314_BL6_Ku_37_e8_wt,WT,C57BL6,N,N,N,N,N,N,N,N,N,N,N,N,2
240327_BL6_Ku_174_e1_wt,WT,C57BL6,N,N,N,N,N,N,N,N,N,N,N,N,2
240327_BL6_Ku_174_e4_het,HET,C57BL6,N,N,N,N,N,N,N,N,N,N,N,N,2
240327_BL6_Ku_174_e6_het,HET,C57BL6,N,N,N,N,N,N,N,N,N,N,N,N,2
240327_BL6_Ku_174_e7_het,HET,C57BL6,N,N,N,N,N,N,N,N,N,N,N,N,2
240327_BL6_Ku_174_e10_het,HET,C57BL6,N,N,N,N,N,N,N,N,N,N,N,N,2
240319_BL6_Ku_187_e1_wt,WT,C57BL6,N,N,N,N,N,N,N,N,N,N,N,N,3
240319_BL6_Ku_187_e2_het,HET,C57BL6,N,N,N,N,Y,N,N,N,N,N,N,N,3
240319_BL6_Ku_187_e3_het,HET,C57BL6,N,N,N,N,Y,N,N,N,N,N,N,N,3
240319_BL6_Ku_187_e4_het,HET,C57BL6,N,N,N,Y,Y,N,N,N,N,N,N,N,3
240319_BL6_Ku_187_e5_het,HET,C57BL6,N,N,N,N,N,N,N,N,N,N,N,N,3
240319_BL6_Ku_187_e6_wt,WT,C57BL6,N,N,N,N,N,N,N,N,N,N,N,N,3
240319_BL6_Ku_187_e7_het,HET,C57BL6,N,N,N,N,N,N,N,N,N,N,N,N,3
240319_BL6_Ku_187_e8_het,HET,C57BL6,N,N,N,N,Y,N,N,N,N,N,N,N,3
240321_BL6_Ku_64_e1_het,HET,C57BL6,N,N,N,Y,Y,N,N,N,N,N,N,N,3
240321_BL6_Ku_64_e2_het,HET,C57BL6,Y,N,Right,N,N,N,N,N,N,N,N,N,3
240321_BL6_Ku_64_e3_het,HET,C57BL6,N,N,N,N,N,N,N,N,N,N,N,N,3
240321_BL6_Ku_64_e4_wt,WT,C57BL6,N,N,N,N,N,N,N,N,N,N,N,N,2
240321_BL6_Ku_64_e5_het,HET,C57BL6,N,N,N,N,N,N,N,N,N,N,N,N,3
240321_BL6_Ku_64_e6_het,HET,C57BL6,N,N,N,N,Y,N,N,N,N,N,N,N,3
240321_BL6_Ku_64_e7_het,HET,C57BL6,N,N,N,N,N,N,N,N,N,N,N,N,3
240321_BL6_Ku_64_e8_wt,WT,C57BL6,N,N,N,N,N,N,N,N,N,N,N,N,2
240321_BL6_Ku_64_e9_wt,WT,C57BL6,N,N,N,N,N,N,N,N,N,N,N,N,3
240322_BL6_Ku_185_e1_wt,WT,C57BL6,N,N,N,N,N,N,N,N,N,N,N,N,2
240322_BL6_Ku_185_e2_het,HET,C57BL6,N,N,N,N,N,N,N,N,N,N,N,N,2
240322_BL6_Ku_185_e3_het,HET,C57BL6,N,N,N,N,N,N,N,N,N,N,N,N,2
240322_BL6_Ku_185_e4_wt,WT,C57BL6,N,N,N,N,N,N,N,N,N,N,N,N,2
240322_BL6_Ku_185_e5_wt,WT,C57BL6,N,N,N,N,N,N,N,N,N,N,N,N,2
240322_BL6_Ku_185_e6_wt,WT,C57BL6,N,N,N,N,N,N,N,N,N,N,N,N,2
240322_BL6_Ku_185_e7_het,HET,C57BL6,N,N,N,N,N,N,N,N,N,N,N,N,2
240322_BL6_Ku_185_e8_wt,WT,C57BL6,N,N,N,N,N,N,N,N,N,N,N,N,2
240327_BL6_Ku_58_e1_wt,WT,C57BL6,N,N,N,N,N,N,N,N,N,N,N,N,3
240327_BL6_Ku_58_e2_wt,WT,C57BL6,N,N,N,N,N,N,N,N,N,N,N,N,3
240327_BL6_Ku_58_e3_wt,WT,C57BL6,N,N,N,N,N,N,N,N,N,N,N,N,3
240327_BL6_Ku_58_e4_het,HET,C57BL6,N,N,N,N,N,N,N,N,N,N,N,N,3
240327_BL6_Ku_58_e5_het,HET,C57BL6,N,N,N,N,N,N,N,N,N,N,N,N,3
240327_BL6_Ku_58_e6_wt,WT,C57BL6,N,N,N,N,N,N,N,N,N,N,N,N,3
240327_BL6_Ku_58_e7_wt,WT,C57BL6,N,N,N,N,N,N,N,N,N,N,N,N,3
240402_BL6_Ku_85_e1_wt,WT,C57BL6,N,N,N,N,N,N,N,N,N,N,N,N,1
240402_BL6_Ku_8_e1_wt,WT,C57BL6,N,N,N,N,N,N,N,N,N,N,N,N,3
240402_BL6_Ku_8_e2_wt,WT,C57BL6,N,N,N,N,N,N,N,N,N,N,N,N,3
240402_BL6_Ku_8_e3_het,HET,C57BL6,Y,N,Left,N,N,N,N,N,N,N,N,N,2
240402_BL6_Ku_8_e4_wt,WT,C57BL6,N,N,N,N,N,N,N,N,N,N,N,N,3
240402_BL6_Ku_8_e5_het,HET,C57BL6,N,N,N,N,N,N,N,N,N,N,N,N,3
240402_BL6_Ku_8_e6_het,HET,C57BL6,N,N,N,N,Y,N,N,N,N,N,N,N,3
240402_BL6_Ku_8_e7_wt,WT,C57BL6,N,N,N,N,N,N,N,N,N,N,N,N,3
240402_BL6_Ku_8_e8_het,HET,C57BL6,N,N,N,N,N,N,N,N,N,N,N,N,3
240402_BL6_Ku_8_e9_wt,WT,C57BL6,N,N,N,N,N,N,N,N,N,N,N,N,3
240404_BL6_Ku_190_e1_wt,WT,C57BL6,N,N,N,N,N,N,N,N,N,N,N,N,3
240404_BL6_Ku_190_e2_het,HET,C57BL6,N,Y,Right,N,N,N,N,N,Y,N,N,N,3
240404_BL6_Ku_190_e3_wt,WT,C57BL6,N,N,N,N,N,N,N,N,N,N,N,N,3
240404_BL6_Ku_190_e4_het,HET,C57BL6,N,N,N,N,N,N,N,N,N,N,N,N,3
240404_BL6_Ku_190_e5_wt,WT,C57BL6,N,N,N,N,N,N,N,N,N,N,N,N,3
240404_BL6_Ku_190_e6_het,HET,C57BL6,N,N,N,N,N,N,N,N,N,N,N,N,3
240404_BL6_Ku_190_e7_het,HET,C57BL6,N,N,N,N,Y,N,N,N,N,N,N,N,3
240404_BL6_Ku_190_e8_het,HET,C57BL6,N,N,N,N,N,N,N,N,N,N,N,N,3
240404_BL6_Ku_190_e9_wt,WT,C57BL6,N,N,N,N,N,N,N,N,N,N,N,N,3
240410_BL6_Ku_198_e1_wt,WT,C57BL6,N,N,N,N,N,N,N,N,N,N,N,N,2
240410_BL6_Ku_198_e2_het,HET,C57BL6,N,N,N,N,N,N,N,N,N,N,N,N,2
240410_BL6_Ku_198_e3_wt,WT,C57BL6,N,N,N,N,N,N,N,N,N,N,N,N,2
240410_BL6_Ku_198_e4_het,HET,C57BL6,N,N,N,N,N,N,N,N,N,N,N,N,2
240410_BL6_Ku_198_e5_wt,WT,C57BL6,N,N,N,N,N,N,N,N,N,N,N,N,2
240410_BL6_Ku_198_e6_het,HET,C57BL6,N,N,N,N,N,N,N,N,N,N,N,N,2
240410_BL6_Ku_198_e7_het,HET,C57BL6,N,N,N,N,N,N,N,N,N,N,N,N,2
240410_BL6_Ku_198_e8_wt,WT,C57BL6,N,N,N,N,N,N,N,N,N,N,N,N,2
240417_BL6_Ku_121_e1_het,HET,C57BL6,N,N,N,N,N,N,N,N,N,N,N,N,3
240417_BL6_Ku_121_e2_wt,WT,C57BL6,N,N,N,N,N,N,N,N,N,N,N,N,3
240417_BL6_Ku_121_e3_het,HET,C57BL6,N,N,N,N,N,N,N,N,N,N,N,N,3
240417_BL6_Ku_121_e4_wt,WT,C57BL6,N,N,N,N,N,N,N,N,N,N,N,N,3
240417_BL6_Ku_121_e5_het,HET,C57BL6,N,N,N,N,N,N,N,N,N,N,N,N,3
240417_BL6_Ku_121_e6_wt,WT,C57BL6,N,N,N,N,N,N,N,N,N,N,N,N,3
240417_BL6_Ku_121_e7_het,HET,C57BL6,N,N,N,N,N,N,N,N,N,N,N,N,3
240417_BL6_Ku_15_e1_het,HET,C57BL6,N,N,N,N,N,N,N,N,N,N,N,N,1
240417_BL6_Ku_15_e2_het,HET,C57BL6,N,N,N,N,N,N,N,N,N,N,N,N,2
240417_BL6_Ku_15_e3_wt,WT,C57BL6,N,N,N,N,N,N,N,N,N,N,N,N,2
240417_BL6_Ku_15_e4_het,HET,C57BL6,N,N,N,N,N,N,N,N,N,N,N,N,2
240417_BL6_Ku_15_e5_wt,WT,C57BL6,N,N,N,N,N,N,N,N,N,N,N,N,2
240417_BL6_Ku_15_e6_het,HET,C57BL6,Y,N,Right,N,Y,N,N,N,N,N,N,N,1
240417_BL6_Ku_15_e7_het,HET,C57BL6,N,N,N,N,N,N,N,N,N,N,N,N,2
240417_BL6_Ku_15_e8_het,HET,C57BL6,N,N,N,N,N,N,N,N,N,N,N,N,2
240417_BL6_Ku_15_e9_het,HET,C57BL6,N,N,N,N,N,N,N,N,N,N,N,N,2
240419_BL6_Ku_112_e1_het,HET,C57BL6,Y,N,Right,N,N,N,N,N,N,N,N,N,2
240419_BL6_Ku_112_e2_het,HET,C57BL6,N,N,N,N,N,N,N,N,N,N,N,N,2
240419_BL6_Ku_112_e3_het,HET,C57BL6,N,N,N,N,N,N,N,N,N,N,N,N,2
240419_BL6_Ku_112_e4_het,HET,C57BL6,N,N,N,Y,Y,N,N,N,N,N,N,N,2
240419_BL6_Ku_112_e5_wt,WT,C57BL6,N,N,N,N,N,N,N,N,N,N,N,N,2
240419_BL6_Ku_112_e6_wt,WT,C57BL6,N,N,N,N,N,N,N,N,N,N,N,N,2
240419_BL6_Ku_112_e7_het,HET,C57BL6,N,N,N,N,Y,N,N,N,N,N,N,N,2
240419_BL6_Ku_112_e8_wt,WT,C57BL6,N,N,N,N,N,N,N,N,N,N,N,N,2
240419_BL6_Ku_112_e9_wt,WT,C57BL6,N,N,N,N,N,N,N,N,N,N,N,N,2
240503_BL6_Ku_25_e1_wt,WT,C57BL6,N,N,N,N,N,N,N,N,N,N,N,N,3
240503_BL6_Ku_25_e2_het,HET,C57BL6,N,N,N,N,N,N,N,N,N,N,N,N,3
240503_BL6_Ku_25_e3_wt,WT,C57BL6,N,N,N,N,N,N,N,N,N,N,N,N,3
240503_BL6_Ku_25_e4_het,HET,C57BL6,N,N,N,N,N,N,N,N,N,N,N,N,3
240503_BL6_Ku_25_e5_wt,WT,C57BL6,N,N,N,N,N,N,N,N,N,N,N,N,3
240503_BL6_Ku_25_e6_wt,WT,C57BL6,N,N,N,N,N,N,N,N,N,N,N,N,3
240503_BL6_Ku_25_e7_wt,WT,C57BL6,N,N,N,N,N,N,N,N,N,N,N,N,3
240503_BL6_Ku_25_e8_het,HET,C57BL6,N,N,N,N,N,N,N,N,N,N,N,N,3
240503_BL6_Ku_152_e1_het,HET,C57BL6,N,N,N,N,Y,N,N,N,N,N,N,N,3
240503_BL6_Ku_152_e2_het,HET,C57BL6,N,N,N,N,N,N,N,N,N,N,N,N,3
240503_BL6_Ku_152_e3_het,HET,C57BL6,N,N,N,N,N,N,N,N,N,N,N,N,3
240503_BL6_Ku_152_e4_het,HET,C57BL6,N,N,N,N,N,N,N,N,N,N,N,N,3
240514_BL6_Ku_122_e1_het,HET,C57BL6,N,N,N,N,Y,N,N,N,N,N,N,N,3
240514_BL6_Ku_122_e2_het,HET,C57BL6,Y,N,Right,N,N,N,N,N,N,N,N,N,3
240514_BL6_Ku_122_e3_wt,WT,C57BL6,N,N,N,N,N,N,N,N,N,N,N,N,3
240514_BL6_Ku_122_e4_het,HET,C57BL6,N,N,N,N,N,N,N,N,N,N,N,N,3
240514_BL6_Ku_122_e5_wt,WT,C57BL6,N,N,N,N,N,N,N,N,N,N,N,N,3
240514_BL6_Ku_122_e6_het,HET,C57BL6,N,N,N,N,N,N,N,N,N,N,N,N,3
240514_BL6_Ku_122_e7_het,HET,C57BL6,N,N,N,N,N,N,N,N,N,N,N,N,3
240514_BL6_Ku_122_e8_het,HET,C57BL6,N,N,N,N,N,N,N,N,N,N,N,N,3
240516_BL6_Ku_218_e1_wt,WT,C57BL6,N,N,N,N,N,N,N,N,N,N,N,N,3
240516_BL6_Ku_218_e2_wt,WT,C57BL6,N,N,N,N,N,N,N,N,N,N,N,N,2
240516_BL6_Ku_218_e3_het,HET,C57BL6,N,N,N,N,Y,N,N,N,N,N,N,N,2
240516_BL6_Ku_16_e1_wt,WT,C57BL6,N,N,N,N,N,N,N,N,N,N,N,N,3
240516_BL6_Ku_16_e2_wt,WT,C57BL6,N,N,N,N,N,N,N,N,N,N,N,N,3
240516_BL6_Ku_16_e3_wt,WT,C57BL6,N,N,N,N,N,N,N,N,N,N,N,N,3
240516_BL6_Ku_16_e4_wt,WT,C57BL6,N,N,N,N,N,N,N,N,N,N,N,N,3
240516_BL6_Ku_16_e5_wt,WT,C57BL6,N,N,N,N,N,N,N,N,N,N,N,N,3
240516_BL6_Ku_16_e6_het,HET,C57BL6,N,N,N,N,N,N,N,N,N,N,N,N,3
240516_BL6_Ku_16_e7_het,HET,C57BL6,N,N,N,N,N,N,N,N,N,N,N,N,2
240516_BL6_Ku_16_e8_wt,WT,C57BL6,N,N,N,N,N,N,N,N,N,N,N,N,3
240517_BL6_Ku_133_e1_het,HET,C57BL6,N,N,N,N,N,N,N,N,N,N,N,N,3
240517_BL6_Ku_133_e2_wt,WT,C57BL6,N,N,N,N,N,N,N,N,N,N,N,N,3
240517_BL6_Ku_133_e3_het,HET,C57BL6,N,Y,Right,N,N,N,N,N,N,N,N,N,3
240517_BL6_Ku_133_e4_wt,WT,C57BL6,N,N,N,N,N,N,N,N,N,N,N,N,3
240517_BL6_Ku_133_e5_wt,WT,C57BL6,N,N,N,N,N,N,N,N,N,N,N,N,3
240523_BL6_Ku_143_e1_het,HET,C57BL6,N,N,N,N,N,N,N,N,N,N,N,N,3
240523_BL6_Ku_143_e2_het,HET,C57BL6,N,N,N,N,N,N,N,N,N,N,N,N,3
240523_BL6_Ku_143_e3_wt,WT,C57BL6,N,N,N,N,N,N,N,N,N,N,N,N,3
240523_BL6_Ku_143_e4_het,HET,C57BL6,N,N,N,N,N,N,N,N,N,N,N,N,3
240523_BL6_Ku_143_e5_het,HET,C57BL6,N,N,N,N,N,N,N,N,N,N,N,N,3
240523_BL6_Ku_143_e6_wt,WT,C57BL6,N,N,N,N,N,N,N,N,N,N,N,N,3
240523_BL6_Ku_143_e7_wt,WT,C57BL6,N,N,N,N,N,N,N,N,N,N,N,N,3
240523_BL6_Ku_143_e8_wt,WT,C57BL6,N,N,N,N,N,N,N,N,N,N,N,N,3
240523_BL6_Ku_143_e9_wt,WT,C57BL6,N,N,N,N,N,N,N,N,N,N,N,N,3
240523_BL6_Ku_143_e10_wt,WT,C57BL6,N,N,N,N,N,N,N,N,N,N,N,N,3
240524_BL6_Ku_26_e1_het,HET,C57BL6,N,N,N,N,N,N,N,N,N,N,N,N,2
240524_BL6_Ku_26_e2_wt,WT,C57BL6,N,N,N,N,N,N,N,N,N,N,N,N,2
240524_BL6_Ku_26_e3_wt,WT,C57BL6,N,N,N,N,N,N,N,N,N,N,N,N,2
240524_BL6_Ku_26_e4_het,HET,C57BL6,N,N,N,N,Y,N,N,N,N,N,N,N,2
240524_BL6_Ku_26_e5_wt,WT,C57BL6,N,N,N,N,N,N,N,N,N,N,N,N,2
240524_BL6_Ku_26_e6_het,HET,C57BL6,N,N,N,N,N,N,N,N,N,N,N,N,2
240524_BL6_Ku_26_e7_wt,WT,C57BL6,N,N,N,N,N,N,N,N,N,N,N,N,2
240524_BL6_Ku_26_e8_het,HET,C57BL6,N,N,N,N,N,N,N,N,N,N,N,N,2
240524_BL6_Ku_26_e9,,C57BL6,N,N,N,N,N,N,N,N,N,N,N,N,2
240524_BL6_Ku_24_e1_het,HET,C57BL6,N,N,N,N,N,N,N,N,N,N,N,N,3
240524_BL6_Ku_24_e2_wt,WT,C57BL6,N,N,N,N,N,N,N,N,N,N,N,N,3
240524_BL6_Ku_24_e3_het,HET,C57BL6,N,N,N,N,N,N,N,N,N,N,N,N,3
240524_BL6_Ku_24_e4_wt,WT,C57BL6,N,N,N,N,N,N,N,N,N,N,N,N,3
240524_BL6_Ku_24_e5_het,HET,C57BL6,N,N,N,N,N,N,N,N,N,N,N,N,3
240524_BL6_Ku_24_e6_wt,WT,C57BL6,N,N,N,N,N,N,N,N,N,N,N,N,3
240529_BL6_Ku_144_e1_wt,WT,C57BL6,N,N,N,N,N,N,N,N,N,N,N,N,3
240529_BL6_Ku_144_e2_het,HET,C57BL6,N,N,N,N,N,N,N,N,N,N,N,N,2
240529_BL6_Ku_144_e3_het,HET,C57BL6,N,N,N,N,Y,N,N,N,N,N,N,N,3
240529_BL6_Ku_144_e4_het,HET,C57BL6,N,N,N,N,Y,N,N,N,N,N,N,N,3
240529_BL6_Ku_144_e5_het,HET,C57BL6,N,N,N,N,N,N,N,N,N,N,N,N,2
240529_BL6_Ku_144_e6_wt,WT,C57BL6,N,N,N,N,N,N,N,N,N,N,N,N,3
240529_BL6_Ku_144_e7_het,HET,C57BL6,N,N,N,N,Y,N,N,N,N,N,N,N,3
240529_BL6_Ku_144_e8_wt,WT,C57BL6,N,N,N,N,N,N,N,N,N,N,N,N,2
240529_BL6_Ku_144_e9_wt,WT,C57BL6,N,N,N,N,N,N,N,N,N,N,N,N,2
240530_BL6_Ku_145_e1_het,HET,C57BL6,N,Y,Both,N,Y,N,N,N,Y,N,N,N,2
240530_BL6_Ku_145_e2_wt,WT,C57BL6,N,N,N,N,N,N,N,N,N,N,N,N,2
240530_BL6_Ku_145_e3_wt,WT,C57BL6,N,N,N,N,N,N,N,N,N,N,N,N,3
240530_BL6_Ku_145_e4_het,HET,C57BL6,N,N,N,N,N,N,N,N,N,N,N,N,3
240530_BL6_Ku_145_e5_wt,WT,C57BL6,N,N,N,N,N,N,N,N,N,N,N,N,3
240530_BL6_Ku_145_e6_het,HET,C57BL6,Y,N,Left,N,N,N,N,N,N,N,N,N,3
240530_BL6_Ku_145_e7_wt,WT,C57BL6,N,N,N,N,N,N,N,N,N,N,N,N,3
240530_BL6_Ku_35_e1_wt,WT,C57BL6,N,N,N,N,N,N,N,N,N,N,N,N,3
240530_BL6_Ku_35_e2_het,HET,C57BL6,Y,Y,Both,N,N,N,N,N,Y,N,N,N,3
240530_BL6_Ku_35_e3_wt,WT,C57BL6,N,N,N,N,N,N,N,N,N,N,N,N,3
240530_BL6_Ku_35_e4_het,HET,C57BL6,N,N,N,N,N,N,N,N,N,N,N,N,3
240530_BL6_Ku_35_e5_het,HET,C57BL6,N,N,N,N,N,N,N,N,N,N,N,N,3
240530_BL6_Ku_35_e6_het,HET,C57BL6,N,N,N,N,N,N,N,N,N,N,N,N,3
240530_BL6_Ku_35_e7_wt,WT,C57BL6,N,N,N,N,N,N,N,N,N,N,N,N,3
240530_BL6_Ku_35_e8_het,HET,C57BL6,N,N,N,N,N,N,N,N,N,N,N,N,3
240530_BL6_Ku_69_e1_wt,WT,C57BL6,N,N,N,N,N,N,N,N,N,N,N,N,2
240530_BL6_Ku_69_e2_wt,WT,C57BL6,N,N,N,N,N,N,N,N,N,N,N,N,2
240530_BL6_Ku_69_e3_wt,WT,C57BL6,N,N,N,N,N,N,N,N,N,N,N,N,2
240530_BL6_Ku_69_e4_het,HET,C57BL6,N,N,N,N,N,N,N,N,N,N,N,N,2
240530_BL6_Ku_69_e5_wt,WT,C57BL6,N,N,N,N,N,N,N,N,N,N,N,N,2
240530_BL6_Ku_69_e6_wt,WT,C57BL6,N,N,N,N,N,N,N,N,N,N,N,N,2
240530_BL6_Ku_69_e7_het,HET,C57BL6,N,N,N,N,N,N,N,N,N,N,N,N,2
240530_BL6_Ku_69_e8_het,HET,C57BL6,N,N,N,N,N,N,N,N,N,Y,N,N,2
240530_BL6_Ku_69_e9_wt,WT,C57BL6,N,N,N,N,N,N,N,N,N,N,N,N,2
240604_BL6_Ku_36_e1,,C57BL6,N,N,N,N,N,N,N,N,N,N,N,N,3
240604_BL6_Ku_36_e2,,C57BL6,Y,N,Right,N,N,N,N,N,N,N,N,N,2
240604_BL6_Ku_36_e3,,C57BL6,N,N,N,Y,Y,N,N,N,N,N,N,N,2
240604_BL6_Ku_36_e4,,C57BL6,N,N,N,N,N,N,N,N,N,N,N,N,3
240604_BL6_Ku_36_e5,,C57BL6,N,N,N,N,N,N,N,N,N,N,N,N,2
240604_BL6_Ku_36_e6,,C57BL6,N,N,N,N,N,N,N,N,N,N,N,N,3
240606_BL6_Ku_34_e1,,C57BL6,N,N,N,N,N,N,N,N,N,N,N,N,3
240606_BL6_Ku_34_e2,,C57BL6,N,N,N,N,N,N,N,N,N,N,N,N,2
240606_BL6_Ku_34_e3,,C57BL6,N,Y,Right,N,N,N,N,N,N,N,N,N,1
240606_BL6_Ku_34_e4,,C57BL6,Y,N,Right,N,N,N,N,N,N,N,N,N,1
240606_BL6_Ku_34_e5,,C57BL6,N,N,N,N,N,N,N,N,N,N,N,N,2
240606_BL6_Ku_34_e6,,C57BL6,N,N,N,N,N,N,N,N,N,N,N,N,2
240606_BL6_Ku_34_e7,,C57BL6,N,N,N,N,N,N,N,N,N,N,N,N,2
240606_BL6_Ku_160_e1,,C57BL6,N,N,N,N,N,N,N,N,N,N,N,N,2
240606_BL6_Ku_160_e2,,C57BL6,N,N,N,N,N,N,N,N,N,N,N,N,2
240606_BL6_Ku_160_e3,,C57BL6,N,N,N,N,N,N,N,N,N,N,N,N,3
240606_BL6_Ku_160_e4,,C57BL6,N,N,N,N,N,N,N,N,N,N,N,N,3
240606_BL6_Ku_160_e5,,C57BL6,Y,N,Right,N,N,N,N,N,N,N,N,N,2
240606_BL6_Ku_160_e6,,C57BL6,Y,Y,Both ,N,Y,N,N,N,N,N,N,N,2
240606_BL6_Ku_160_e7,,C57BL6,N,N,N,N,N,N,N,N,N,N,N,N,2
240606_BL6_Ku_160_e8,,C57BL6,N,N,N,N,N,N,N,N,N,N,N,N,2
